iteration number, training time, fitness
0,8.97305E-4,3.0
100,0.002730463,0.0
200,0.003676736,1.0
300,0.005294086,1.0
400,0.005991604,2.0
500,0.006249891,2.0
600,0.006468402,5.0
700,0.006679126,5.0
800,0.029228054,5.0
900,0.029525811,6.0
1000,0.069312286,6.0
1100,0.069781847,7.0
1200,0.070070183,7.0
1300,0.070333787,7.0
1400,0.070900106,7.0
1500,0.071003244,8.0
1600,0.071076894,8.0
1700,0.07115119,8.0
1800,0.071227612,9.0
1900,0.07129432,9.0
2000,0.071361448,13.0
2100,0.071431218,13.0
2200,0.071502046,13.0
2300,0.071573525,13.0
2400,0.071645514,18.0
2500,0.071719997,18.0
2600,0.071789186,18.0
2700,0.07185668,18.0
2800,0.071924518,18.0
2900,0.071992974,21.0
3000,0.07206064,22.0
3100,0.072170313,25.0
3200,0.072237068,25.0
3300,0.072311706,25.0
3400,0.072383095,25.0
3500,0.072451095,26.0
3600,0.072515723,26.0
3700,0.072585805,26.0
3800,0.072656452,26.0
3900,0.072730733,26.0
4000,0.072801017,26.0
4100,0.072878467,26.0
4200,0.072952987,26.0
4300,0.073026553,29.0
4400,0.073100067,29.0
4500,0.073170434,30.0
4600,0.073241753,30.0
4700,0.073311856,30.0
4800,0.07338157,30.0
4900,0.07346166,30.0
5000,0.073527874,30.0
5100,0.073600553,31.0
5200,0.080490756,31.0
5300,0.08067635,31.0
5400,0.08080223,31.0
5500,0.080918867,35.0
5600,0.081317321,35.0
5700,0.081395795,35.0
5800,0.081459813,36.0
5900,0.081534974,36.0
6000,0.081598488,36.0
6100,0.081719815,36.0
6200,0.081795375,38.0
6300,0.081963366,40.0
6400,0.082048875,42.0
6500,0.082557565,42.0
6600,0.082650652,42.0
6700,0.082729362,43.0
6800,0.082807906,44.0
6900,0.082889136,44.0
7000,0.082966367,44.0
7100,0.083041797,44.0
7200,0.08311504,44.0
7300,0.083204528,44.0
7400,0.08327806,44.0
7500,0.083349432,44.0
7600,0.083426548,44.0
7700,0.083497506,44.0
7800,0.083565226,44.0
7900,0.083891056,44.0
8000,0.083965757,44.0
8100,0.084043535,44.0
8200,0.084115444,47.0
8300,0.084187711,47.0
8400,0.084256644,47.0
8500,0.0843295,49.0
8600,0.084402576,49.0
8700,0.084473485,49.0
8800,0.085324576,49.0
8900,0.085428213,49.0
9000,0.085508986,49.0
9100,0.08559482,50.0
9200,0.085675536,52.0
9300,0.085751195,60.0
9400,0.085826348,60.0
9500,0.085907074,60.0
9600,0.085981655,60.0
9700,0.086054211,64.0
9800,0.086130834,64.0
9900,0.086210361,64.0
10000,0.086292397,64.0
10100,0.086366993,64.0
10200,0.086439694,64.0
10300,0.086514936,64.0
10400,0.08658654,68.0
10500,0.086661121,69.0
10600,0.086746176,69.0
10700,0.086823395,69.0
10800,0.086897073,69.0
10900,0.086988156,69.0
11000,0.087060467,69.0
11100,0.087130036,69.0
11200,0.087205446,70.0
11300,0.08727831,70.0
11400,0.087361237,70.0
11500,0.087442588,70.0
11600,0.087519908,70.0
11700,0.087594728,74.0
11800,0.088803002,74.0
11900,0.089968967,74.0
12000,0.090058386,75.0
12100,0.090138485,75.0
12200,0.090223316,75.0
12300,0.090437627,75.0
12400,0.090681961,75.0
12500,0.091048666,75.0
12600,0.094141626,75.0
12700,0.094404577,75.0
12800,0.094535634,75.0
12900,0.094617094,75.0
13000,0.102729355,75.0
13100,0.102836923,75.0
13200,0.102916793,75.0
13300,0.102995497,75.0
13400,0.10321413,75.0
13500,0.103293686,76.0
13600,0.103380231,76.0
13700,0.104241161,76.0
13800,0.104521931,76.0
13900,0.104700638,76.0
14000,0.10487448,77.0
14100,0.105274197,77.0
14200,0.10541904,77.0
14300,0.105500873,77.0
14400,0.105591077,77.0
14500,0.105682273,77.0
14600,0.105771915,77.0
14700,0.105870937,77.0
14800,0.105956326,80.0
14900,0.106053085,80.0
15000,0.106153452,80.0
15100,0.106248467,80.0
15200,0.106343997,80.0
15300,0.10642805,80.0
15400,0.106525525,80.0
15500,0.10661378,82.0
15600,0.10671201,82.0
15700,0.106809731,82.0
15800,0.106897272,82.0
15900,0.107136008,83.0
16000,0.107241446,89.0
16100,0.107345408,89.0
16200,0.107442774,89.0
16300,0.107702896,89.0
16400,0.10780817,95.0
16500,0.10791472,96.0
16600,0.108012157,96.0
16700,0.108121328,96.0
16800,0.108225205,96.0
16900,0.10832592,97.0
17000,0.108436366,97.0
17100,0.108545043,97.0
17200,0.108651812,97.0
17300,0.108758606,98.0
17400,0.10887105,98.0
17500,0.108974161,98.0
17600,0.109086644,98.0
17700,0.109197201,98.0
17800,0.109300406,98.0
17900,0.1094138,98.0
18000,0.109520041,98.0
18100,0.109618536,98.0
18200,0.10971664,100.0
18300,0.110211812,100.0
18400,0.110413711,102.0
18500,0.110519891,102.0
18600,0.110627291,102.0
18700,0.110728552,102.0
18800,0.110831292,103.0
18900,0.110936815,103.0
19000,0.111040006,103.0
19100,0.111145067,103.0
19200,0.111240161,103.0
19300,0.111350996,103.0
19400,0.111456641,103.0
19500,0.111559011,103.0
19600,0.111665198,103.0
19700,0.111774578,106.0
19800,0.111888932,106.0
19900,0.112008163,106.0
20000,0.112113797,106.0
20100,0.112218637,106.0
20200,0.112319895,106.0
20300,0.112437672,106.0
20400,0.112550244,106.0
20500,0.112658714,107.0
20600,0.112765351,107.0
20700,0.112866296,107.0
20800,0.11298054,107.0
20900,0.113074844,107.0
21000,0.113187191,107.0
21100,0.113285958,107.0
21200,0.113388015,110.0
21300,0.113500793,110.0
21400,0.113612163,112.0
21500,0.113715266,112.0
21600,0.113817353,113.0
21700,0.113937653,113.0
21800,0.114053386,113.0
21900,0.114170666,113.0
22000,0.114281267,113.0
22100,0.114387128,114.0
22200,0.114481683,114.0
22300,0.114592401,114.0
22400,0.114705248,114.0
22500,0.114817164,114.0
22600,0.114920437,115.0
22700,0.115033117,115.0
22800,0.132425554,115.0
22900,0.132797516,115.0
23000,0.13300049,115.0
23100,0.13313536,115.0
23200,0.13327928,115.0
23300,0.135401721,115.0
23400,0.135570625,115.0
23500,0.14995059,115.0
23600,0.151858485,115.0
23700,0.1522306,115.0
23800,0.152457691,115.0
23900,0.152690768,116.0
24000,0.154237075,116.0
24100,0.154579785,117.0
24200,0.154813608,117.0
24300,0.155096194,117.0
24400,0.155434373,117.0
24500,0.155801842,117.0
24600,0.156008506,117.0
24700,0.156178078,117.0
24800,0.15638185,118.0
24900,0.156569198,121.0
25000,0.156728866,125.0
25100,0.156991495,125.0
25200,0.157314358,126.0
25300,0.157984098,126.0
25400,0.158136793,128.0
25500,0.158336434,128.0
25600,0.158481442,133.0
25700,0.158707288,133.0
25800,0.158862288,133.0
25900,0.159044275,133.0
26000,0.159210928,133.0
26100,0.159354148,133.0
26200,0.15950515,133.0
26300,0.163610562,133.0
26400,0.164134481,133.0
26500,0.164568194,133.0
26600,0.164973697,133.0
26700,0.165457348,133.0
26800,0.169269095,133.0
26900,0.169686302,133.0
27000,0.170045408,133.0
27100,0.170397367,134.0
27200,0.170675082,134.0
27300,0.170993616,134.0
27400,0.17114754,136.0
27500,0.171297746,136.0
27600,0.17144475,136.0
27700,0.171593432,136.0
27800,0.171746297,136.0
27900,0.171887778,136.0
28000,0.172061474,136.0
28100,0.172433127,136.0
28200,0.172815093,136.0
28300,0.173168092,136.0
28400,0.173348325,136.0
28500,0.173496792,136.0
28600,0.173647031,136.0
28700,0.173806926,136.0
28800,0.173950245,137.0
28900,0.174097607,137.0
29000,0.174370563,137.0
29100,0.174756476,137.0
29200,0.175133531,137.0
29300,0.175293695,137.0
29400,0.175443868,137.0
29500,0.175593325,137.0
29600,0.175731361,137.0
29700,0.175887173,137.0
29800,0.1761425,137.0
29900,0.176298431,137.0
30000,0.176454731,137.0
30100,0.176605388,137.0
30200,0.177027241,138.0
30300,0.179294108,138.0
30400,0.180740708,139.0
30500,0.181110357,139.0
30600,0.181429553,139.0
30700,0.181727078,139.0
30800,0.182042197,139.0
30900,0.182738882,139.0
31000,0.183128714,139.0
31100,0.183462977,139.0
31200,0.183614287,139.0
31300,0.183808298,139.0
31400,0.183988096,141.0
31500,0.184141242,142.0
31600,0.184345491,144.0
31700,0.18461269,144.0
31800,0.184957636,145.0
31900,0.18522084,145.0
32000,0.185479155,145.0
32100,0.185729284,145.0
32200,0.186008654,145.0
32300,0.1862914,146.0
32400,0.186587158,146.0
32500,0.190280076,147.0
32600,0.196418926,147.0
32700,0.197316441,148.0
32800,0.197787542,148.0
32900,0.197982783,148.0
33000,0.198327854,148.0
33100,0.198893967,148.0
33200,0.208218741,149.0
33300,0.208855164,149.0
33400,0.210294067,150.0
33500,0.211704034,151.0
33600,0.211888786,151.0
33700,0.212140938,151.0
33800,0.216101787,151.0
33900,0.226978966,151.0
34000,0.227661537,153.0
34100,0.228209085,153.0
34200,0.228398048,153.0
34300,0.240482183,153.0
34400,0.240670381,153.0
34500,0.240834514,153.0
34600,0.241013074,153.0
34700,0.24157047,153.0
34800,0.242052477,155.0
34900,0.242432271,155.0
35000,0.243080006,157.0
35100,0.243336317,157.0
35200,0.243722441,157.0
35300,0.243890253,157.0
35400,0.244049927,157.0
35500,0.244200826,157.0
35600,0.244335371,157.0
35700,0.244482446,158.0
35800,0.244636005,158.0
35900,0.244787841,158.0
36000,0.244937802,159.0
36100,0.245099043,159.0
36200,0.245262613,159.0
36300,0.245678037,159.0
36400,0.24584733,159.0
36500,0.24601939,159.0
36600,0.246213851,159.0
36700,0.24635683,159.0
36800,0.2465768,159.0
36900,0.246894772,159.0
37000,0.247241721,159.0
37100,0.247571391,159.0
37200,0.247828336,159.0
37300,0.24798587,159.0
37400,0.248116845,159.0
37500,0.248241613,159.0
37600,0.248374642,159.0
37700,0.248519496,159.0
37800,0.252081837,159.0
37900,0.254045206,161.0
38000,0.254380898,161.0
38100,0.254900663,161.0
38200,0.255221767,161.0
38300,0.255518827,161.0
38400,0.255813524,163.0
38500,0.256084046,163.0
38600,0.256375354,163.0
38700,0.256637083,164.0
38800,0.256816782,167.0
38900,0.256977762,167.0
39000,0.25713497,167.0
39100,0.257292415,170.0
39200,0.25773075,170.0
39300,0.257882094,172.0
39400,0.258030856,172.0
39500,0.25818006,172.0
39600,0.258323715,172.0
39700,0.258540374,173.0
39800,0.259371431,176.0
39900,0.259571722,176.0
40000,0.259796271,176.0
40100,0.259955207,176.0
40200,0.260096125,176.0
40300,0.26025112,177.0
40400,0.260414096,177.0
40500,0.260572236,177.0
40600,0.260734415,177.0
40700,0.260890475,177.0
40800,0.261054796,177.0
40900,0.261252657,177.0
41000,0.26142018,177.0
41100,0.261577715,177.0
41200,0.261752203,183.0
41300,0.262036136,183.0
41400,0.262203817,184.0
41500,0.262363552,184.0
41600,0.262521166,184.0
41700,0.262687935,184.0
41800,0.262843768,184.0
41900,0.263149765,187.0
42000,0.263324202,187.0
42100,0.263512898,187.0
42200,0.263680374,187.0
42300,0.263836831,187.0
42400,0.263994963,187.0
42500,0.264150925,187.0
42600,0.264413918,187.0
42700,0.26459788,188.0
42800,0.264769174,190.0
42900,0.264946123,190.0
43000,0.265110207,190.0
43100,0.265264122,191.0
43200,0.265419521,191.0
43300,0.265562601,191.0
43400,0.265729873,191.0
43500,0.266134226,191.0
43600,0.266313508,191.0
43700,0.266474137,193.0
43800,0.266641801,193.0
43900,0.266812756,193.0
44000,0.266969236,193.0
44100,0.26710208,193.0
44200,0.267219933,194.0
44300,0.267849955,194.0
44400,0.267984956,194.0
44500,0.268106933,194.0
44600,0.26829527,194.0
44700,0.268424398,196.0
44800,0.268566555,197.0
44900,0.268698042,197.0
45000,0.268827891,197.0
45100,0.268948413,197.0
45200,0.269073818,198.0
45300,0.269202694,199.0
45400,0.269323071,199.0
45500,0.2694499,199.0
45600,0.26957167,199.0
45700,0.269690275,199.0
45800,0.269827731,199.0
45900,0.269959927,199.0
46000,0.270089207,199.0
46100,0.270352938,199.0
46200,0.270490852,199.0
46300,0.27060797,199.0
46400,0.270730986,199.0
46500,0.270857791,199.0
46600,0.270974397,199.0
46700,0.271097456,199.0
46800,0.271228212,199.0
46900,0.271375928,199.0
47000,0.271503791,199.0
47100,0.271625938,199.0
47200,0.271748926,199.0
47300,0.271860818,200.0
47400,0.272183807,200.0
47500,0.27230771,200.0
47600,0.272441603,200.0
47700,0.272576034,200.0
47800,0.272758071,200.0
47900,0.27288412,200.0
48000,0.273014833,200.0
48100,0.27314652,200.0
48200,0.273274051,200.0
48300,0.273411513,200.0
48400,0.273535171,200.0
48500,0.273661194,200.0
48600,0.273923972,200.0
48700,0.274057237,200.0
48800,0.274194963,200.0
48900,0.274328873,200.0
49000,0.274449767,200.0
49100,0.274572773,200.0
49200,0.274717573,200.0
49300,0.274853195,200.0
49400,0.27498826,200.0
49500,0.275135442,200.0
49600,0.275264078,200.0
49700,0.27538999,200.0
49800,0.275524367,200.0
49900,0.275667712,200.0
50000,0.275935554,200.0
50100,0.276087932,200.0
50200,0.276228631,200.0
50300,0.276354558,200.0
50400,0.276479245,200.0
50500,0.27661033,200.0
50600,0.276736586,200.0
50700,0.276893978,200.0
50800,0.277032436,200.0
50900,0.277169436,200.0
51000,0.277307725,200.0
51100,0.277453882,200.0
51200,0.277589097,200.0
51300,0.277720321,200.0
51400,0.277859657,200.0
51500,0.277990396,200.0
51600,0.278123132,200.0
51700,0.278757323,200.0
51800,0.279766387,200.0
51900,0.279924991,200.0
52000,0.280072241,200.0
52100,0.280219595,200.0
52200,0.280351213,200.0
52300,0.28048155,200.0
52400,0.280618056,200.0
52500,0.280741838,200.0
52600,0.280877928,200.0
52700,0.281009528,200.0
52800,0.281145778,200.0
52900,0.281270644,200.0
53000,0.28140602,200.0
53100,0.281535405,200.0
53200,0.28166312,200.0
53300,0.281785445,200.0
53400,0.28191622,200.0
53500,0.282055916,200.0
53600,0.282181554,200.0
53700,0.282314557,200.0
53800,0.282445116,200.0
53900,0.282566375,200.0
54000,0.282690427,200.0
54100,0.282817913,200.0
54200,0.282938627,200.0
54300,0.28306786,200.0
54400,0.283191605,200.0
54500,0.28332245,200.0
54600,0.283443292,200.0
54700,0.28356063,200.0
54800,0.283687808,200.0
54900,0.283838132,200.0
55000,0.283967146,200.0
55100,0.28411116,200.0
55200,0.284243855,200.0
55300,0.28437082,200.0
55400,0.284493688,200.0
55500,0.284620178,200.0
55600,0.284740254,200.0
55700,0.284867634,200.0
55800,0.285001001,200.0
55900,0.285129647,200.0
56000,0.285269528,200.0
56100,0.285438995,200.0
56200,0.285586691,200.0
56300,0.285726487,200.0
56400,0.285852351,200.0
56500,0.285984014,200.0
56600,0.286106172,200.0
56700,0.2862387,200.0
56800,0.286365526,200.0
56900,0.286494836,200.0
57000,0.286623012,200.0
57100,0.286754572,200.0
57200,0.286883932,200.0
57300,0.287017733,200.0
57400,0.287302111,200.0
57500,0.287441635,200.0
57600,0.287571068,200.0
57700,0.287706083,200.0
57800,0.287827254,200.0
57900,0.287955174,200.0
58000,0.288346892,200.0
58100,0.288484497,200.0
58200,0.288605035,200.0
58300,0.288742245,200.0
58400,0.28887065,200.0
58500,0.28900122,200.0
58600,0.2891457,200.0
58700,0.291761441,200.0
58800,0.291914973,200.0
58900,0.292048126,200.0
59000,0.292181202,200.0
59100,0.292315277,200.0
59200,0.292438073,200.0
59300,0.292564078,200.0
59400,0.292692917,200.0
59500,0.292830648,200.0
59600,0.292950417,200.0
59700,0.293087603,200.0
59800,0.293222031,200.0
59900,0.293347884,200.0
60000,0.293474633,200.0
60100,0.293637551,200.0
60200,0.293767071,200.0
60300,0.293894676,200.0
60400,0.294018516,200.0
60500,0.294148877,200.0
60600,0.294288446,200.0
60700,0.294430482,200.0
60800,0.294550377,200.0
60900,0.294689193,200.0
61000,0.294810238,200.0
61100,0.294938747,200.0
61200,0.295065111,200.0
61300,0.295435325,200.0
61400,0.29561184,200.0
61500,0.295750282,200.0
61600,0.295882922,200.0
61700,0.296017091,200.0
61800,0.2961547,200.0
61900,0.296274496,200.0
62000,0.296403194,200.0
62100,0.296525328,200.0
62200,0.296646514,200.0
62300,0.29677829,200.0
62400,0.296911433,200.0
62500,0.297038987,200.0
62600,0.297355853,200.0
62700,0.297509416,200.0
62800,0.297632114,200.0
62900,0.298087611,200.0
63000,0.2982299,200.0
63100,0.298358844,200.0
63200,0.298481607,200.0
63300,0.298619426,200.0
63400,0.298742274,200.0
63500,0.298870157,200.0
63600,0.298996243,200.0
63700,0.299118693,200.0
63800,0.299320046,200.0
63900,0.299564876,200.0
64000,0.305075212,200.0
64100,0.305894083,200.0
64200,0.306043006,200.0
64300,0.306182667,200.0
64400,0.306451291,200.0
64500,0.306596456,200.0
64600,0.306725147,200.0
64700,0.306856645,200.0
64800,0.3072716,200.0
64900,0.307407081,200.0
65000,0.307540763,200.0
65100,0.307665567,200.0
65200,0.307816292,200.0
65300,0.307940291,200.0
65400,0.308059045,200.0
65500,0.308183014,200.0
65600,0.308553652,200.0
65700,0.309541951,200.0
65800,0.309813488,200.0
65900,0.310042128,200.0
66000,0.31436796,200.0
66100,0.314524158,200.0
66200,0.356231505,200.0
66300,0.372947846,200.0
66400,0.37310332,200.0
66500,0.37323236,200.0
66600,0.373353457,200.0
66700,0.373486768,200.0
66800,0.373604618,200.0
66900,0.373749837,200.0
67000,0.373870391,200.0
67100,0.374172487,200.0
67200,0.374318191,200.0
67300,0.3744358,200.0
67400,0.374555562,200.0
67500,0.374673711,200.0
67600,0.374802931,200.0
67700,0.37494737,200.0
67800,0.37522437,200.0
67900,0.376102908,200.0
68000,0.379956716,200.0
68100,0.380197722,200.0
68200,0.380908324,200.0
68300,0.392247497,200.0
68400,0.392582057,200.0
68500,0.392820666,200.0
68600,0.39306425,200.0
68700,0.393300925,200.0
68800,0.393528006,200.0
68900,0.394844081,200.0
69000,0.395121523,200.0
69100,0.395316522,200.0
69200,0.395455855,200.0
69300,0.3955921,200.0
69400,0.395736485,200.0
69500,0.395875882,200.0
69600,0.396009521,200.0
69700,0.396149127,200.0
69800,0.396755198,200.0
69900,0.397037162,200.0
70000,0.397176554,200.0
70100,0.398192991,200.0
70200,0.441895767,200.0
70300,0.442052685,200.0
70400,0.442173851,200.0
70500,0.442304996,200.0
70600,0.442445641,200.0
70700,0.442573973,200.0
70800,0.442698815,200.0
70900,0.442825295,200.0
71000,0.442949576,200.0
71100,0.443092507,200.0
71200,0.443288258,200.0
71300,0.443412118,200.0
71400,0.44358484,200.0
71500,0.444113321,200.0
71600,0.4444964,200.0
71700,0.445509028,200.0
71800,0.460706123,200.0
71900,0.467660966,200.0
72000,0.46792818,200.0
72100,0.468148307,200.0
72200,0.468343397,200.0
72300,0.469063892,200.0
72400,0.469258418,200.0
72500,0.469442868,200.0
72600,0.469630365,200.0
72700,0.469834386,200.0
72800,0.470042052,200.0
72900,0.470176078,200.0
73000,0.470299294,200.0
73100,0.470428765,200.0
73200,0.470581282,200.0
73300,0.470702087,200.0
73400,0.470829166,200.0
73500,0.471026455,200.0
73600,0.471164998,200.0
73700,0.471299748,200.0
73800,0.471436086,200.0
73900,0.471569616,200.0
74000,0.471809457,200.0
74100,0.471931674,200.0
74200,0.472058908,200.0
74300,0.472181564,200.0
74400,0.472366752,200.0
74500,0.472496795,200.0
74600,0.472616111,200.0
74700,0.472749592,200.0
74800,0.472873878,200.0
74900,0.473006276,200.0
75000,0.473126392,200.0
75100,0.474165471,200.0
75200,0.474301355,200.0
75300,0.484390723,200.0
75400,0.484526566,200.0
75500,0.484649998,200.0
75600,0.484771336,200.0
75700,0.484899135,200.0
75800,0.485034243,200.0
75900,0.485156683,200.0
76000,0.503104934,200.0
76100,0.503254843,200.0
76200,0.503386111,200.0
76300,0.51396775,200.0
76400,0.514116694,200.0
76500,0.525671361,200.0
76600,0.52584888,200.0
76700,0.572884113,200.0
76800,0.573026093,200.0
76900,0.573162946,200.0
77000,0.573281323,200.0
77100,0.573414233,200.0
77200,0.573547667,200.0
77300,0.573662577,200.0
77400,0.579591806,200.0
77500,0.579776217,200.0
77600,0.579909298,200.0
77700,0.580041013,200.0
77800,0.58016999,200.0
77900,0.580288956,200.0
78000,0.580411855,200.0
78100,0.580526337,200.0
78200,0.580640043,200.0
78300,0.580767931,200.0
78400,0.580889811,200.0
78500,0.581022252,200.0
78600,0.581138926,200.0
78700,0.581249165,200.0
78800,0.581373915,200.0
78900,0.581490884,200.0
79000,0.581611165,200.0
79100,0.58173351,200.0
79200,0.581850443,200.0
79300,0.581961567,200.0
79400,0.582088035,200.0
79500,0.582202842,200.0
79600,0.582408211,200.0
79700,0.582595706,200.0
79800,0.582728243,200.0
79900,0.58285113,200.0
80000,0.58298755,200.0
80100,0.583123088,200.0
80200,0.59770379,200.0
80300,0.598315676,200.0
80400,0.598505995,200.0
80500,0.599106846,200.0
80600,0.599284088,200.0
80700,0.59951922,200.0
80800,0.599795247,200.0
80900,0.601506492,200.0
81000,0.602481937,200.0
81100,0.602892094,200.0
81200,0.603269437,200.0
81300,0.603524666,200.0
81400,0.603801814,200.0
81500,0.604085121,200.0
81600,0.604367001,200.0
81700,0.604827786,200.0
81800,0.605121006,200.0
81900,0.605414041,200.0
82000,0.605713283,200.0
82100,0.605972046,200.0
82200,0.606223847,200.0
82300,0.613701573,200.0
82400,0.62348106,200.0
82500,0.63648735,200.0
82600,0.636955126,200.0
82700,0.637391034,200.0
82800,0.63764374,200.0
82900,0.637903052,200.0
83000,0.638184096,200.0
83100,0.638432968,200.0
83200,0.638674086,200.0
83300,0.638859717,200.0
83400,0.639005826,200.0
83500,0.639137753,200.0
83600,0.63927159,200.0
83700,0.639564618,200.0
83800,0.640008096,200.0
83900,0.640422838,200.0
84000,0.640827406,200.0
84100,0.641116284,200.0
84200,0.641295058,200.0
84300,0.64146941,200.0
84400,0.641638561,200.0
84500,0.641820284,200.0
84600,0.641976296,200.0
84700,0.642144402,200.0
84800,0.642408793,200.0
84900,0.643005072,200.0
85000,0.643402755,200.0
85100,0.643554396,200.0
85200,0.643700275,200.0
85300,0.643839661,200.0
85400,0.644063736,200.0
85500,0.644218363,200.0
85600,0.644343558,200.0
85700,0.644475287,200.0
85800,0.644617487,200.0
85900,0.644748491,200.0
86000,0.644878597,200.0
86100,0.645017797,200.0
86200,0.645149897,200.0
86300,0.645369525,200.0
86400,0.645688403,200.0
86500,0.648051975,200.0
86600,0.648300348,200.0
86700,0.648539788,200.0
86800,0.648805602,200.0
86900,0.649006156,200.0
87000,0.649261646,200.0
87100,0.649476334,200.0
87200,0.649734968,200.0
87300,0.649962556,200.0
87400,0.65019489,200.0
87500,0.658757302,200.0
87600,0.659680845,200.0
87700,0.660195141,200.0
87800,0.660391568,200.0
87900,0.660623657,200.0
88000,0.661112983,200.0
88100,0.661284346,200.0
88200,0.661432475,200.0
88300,0.661783601,200.0
88400,0.664618175,200.0
88500,0.665786756,200.0
88600,0.668534645,200.0
88700,0.669546618,200.0
88800,0.66988815,200.0
88900,0.670185228,200.0
89000,0.670460616,200.0
89100,0.671928602,200.0
89200,0.672071702,200.0
89300,0.672328957,200.0
89400,0.672752988,200.0
89500,0.67312978,200.0
89600,0.673508324,200.0
89700,0.673808248,200.0
89800,0.67398212,200.0
89900,0.674255185,200.0
90000,0.674452402,200.0
90100,0.674752186,200.0
90200,0.67528732,200.0
90300,0.675855521,200.0
90400,0.676027927,200.0
90500,0.676180114,200.0
90600,0.676345445,200.0
90700,0.676499847,200.0
90800,0.676629605,200.0
90900,0.676776055,200.0
91000,0.676919905,200.0
91100,0.677058808,200.0
91200,0.677209092,200.0
91300,0.677350094,200.0
91400,0.67749852,200.0
91500,0.677634285,200.0
91600,0.677760592,200.0
91700,0.677900408,200.0
91800,0.678090675,200.0
91900,0.678439252,200.0
92000,0.678718795,200.0
92100,0.67903722,200.0
92200,0.68115308,200.0
92300,0.693523892,200.0
92400,0.69371596,200.0
92500,0.693852974,200.0
92600,0.693978813,200.0
92700,0.69411204,200.0
92800,0.694242635,200.0
92900,0.694380877,200.0
93000,0.69451758,200.0
93100,0.694646212,200.0
93200,0.694775435,200.0
93300,0.694905106,200.0
93400,0.69504001,200.0
93500,0.695163148,200.0
93600,0.695288774,200.0
93700,0.695422561,200.0
93800,0.695553974,200.0
93900,0.695672936,200.0
94000,0.695961235,200.0
94100,0.696085077,200.0
94200,0.696617266,200.0
94300,0.696778471,200.0
94400,0.696899026,200.0
94500,0.697020311,200.0
94600,0.697132276,200.0
94700,0.697246037,200.0
94800,0.697358794,200.0
94900,0.697480292,200.0
95000,0.697614844,200.0
95100,0.697726586,200.0
95200,0.697850594,200.0
95300,0.697970276,200.0
95400,0.698101722,200.0
95500,0.698226718,200.0
95600,0.698349285,200.0
95700,0.698465523,200.0
95800,0.698583638,200.0
95900,0.698707322,200.0
96000,0.698831435,200.0
96100,0.698953236,200.0
96200,0.699067246,200.0
96300,0.6991908,200.0
96400,0.699316547,200.0
96500,0.699443708,200.0
96600,0.699994676,200.0
96700,0.700150041,200.0
96800,0.700298256,200.0
96900,0.700439573,200.0
97000,0.700581968,200.0
97100,0.700724443,200.0
97200,0.700853563,200.0
97300,0.700996588,200.0
97400,0.70113299,200.0
97500,0.701266836,200.0
97600,0.701403685,200.0
97700,0.701542228,200.0
97800,0.701678228,200.0
97900,0.701819606,200.0
98000,0.701966998,200.0
98100,0.702109846,200.0
98200,0.702380467,200.0
98300,0.702521525,200.0
98400,0.70266964,200.0
98500,0.702820412,200.0
98600,0.7029735,200.0
98700,0.703116282,200.0
98800,0.703249722,200.0
98900,0.703395116,200.0
99000,0.703546396,200.0
99100,0.703695161,200.0
99200,0.703837692,200.0
99300,0.70398059,200.0
99400,0.704121835,200.0
99500,0.704276834,200.0
99600,0.7044498,200.0
99700,0.704600588,200.0
99800,0.704745028,200.0
99900,0.704887436,200.0
100000,0.705026938,200.0
100100,0.705164178,200.0
100200,0.705302802,200.0
100300,0.705439644,200.0
100400,0.705579216,200.0
100500,0.705716055,200.0
100600,0.705952746,200.0
100700,0.706088787,200.0
100800,0.706226197,200.0
100900,0.706358688,200.0
101000,0.706501636,200.0
101100,0.706640434,200.0
101200,0.706781026,200.0
101300,0.706925707,200.0
101400,0.707060044,200.0
101500,0.70734651,200.0
101600,0.707479412,200.0
101700,0.707610567,200.0
101800,0.707743828,200.0
101900,0.707870044,200.0
102000,0.707991676,200.0
102100,0.708128656,200.0
102200,0.708276618,200.0
102300,0.708412871,200.0
102400,0.708547354,200.0
102500,0.708689456,200.0
102600,0.708831934,200.0
102700,0.708975787,200.0
102800,0.709117126,200.0
102900,0.709252072,200.0
103000,0.709389933,200.0
103100,0.709533241,200.0
103200,0.70968923,200.0
103300,0.709826328,200.0
103400,0.70995907,200.0
103500,0.710087972,200.0
103600,0.710204646,200.0
103700,0.710326915,200.0
103800,0.710451908,200.0
103900,0.710578548,200.0
104000,0.71070567,200.0
104100,0.710824018,200.0
104200,0.710966026,200.0
104300,0.71109551,200.0
104400,0.711223257,200.0
104500,0.711359714,200.0
104600,0.711495332,200.0
104700,0.711630157,200.0
104800,0.711770282,200.0
104900,0.711894551,200.0
105000,0.712022075,200.0
105100,0.712159361,200.0
105200,0.712314157,200.0
105300,0.712454128,200.0
105400,0.712589572,200.0
105500,0.712714834,200.0
105600,0.712841167,200.0
105700,0.712973796,200.0
105800,0.713109507,200.0
105900,0.713237867,200.0
106000,0.713378404,200.0
106100,0.713510391,200.0
106200,0.713645598,200.0
106300,0.713782568,200.0
106400,0.713898365,200.0
106500,0.714027533,200.0
106600,0.714154858,200.0
106700,0.714282307,200.0
106800,0.7144244,200.0
106900,0.714561313,200.0
107000,0.714691157,200.0
107100,0.714819718,200.0
107200,0.71493541,200.0
107300,0.715095567,200.0
107400,0.715230857,200.0
107500,0.715375218,200.0
107600,0.715506691,200.0
107700,0.715633767,200.0
107800,0.715792337,200.0
107900,0.71593145,200.0
108000,0.716066084,200.0
108100,0.716205317,200.0
108200,0.716348073,200.0
108300,0.716490357,200.0
108400,0.71664681,200.0
108500,0.716782476,200.0
108600,0.716921338,200.0
108700,0.717049011,200.0
108800,0.7171656,200.0
108900,0.718485126,200.0
109000,0.718644922,200.0
109100,0.718791888,200.0
109200,0.718942688,200.0
109300,0.719096896,200.0
109400,0.719253198,200.0
109500,0.719407857,200.0
109600,0.719557366,200.0
109700,0.719724199,200.0
109800,0.719871528,200.0
109900,0.720008672,200.0
110000,0.720139391,200.0
110100,0.720280139,200.0
110200,0.720425813,200.0
110300,0.720572161,200.0
110400,0.720719479,200.0
110500,0.720862916,200.0
110600,0.720997312,200.0
110700,0.721147434,200.0
110800,0.721286512,200.0
110900,0.721421645,200.0
111000,0.721554452,200.0
111100,0.721694852,200.0
111200,0.721833188,200.0
111300,0.721973868,200.0
111400,0.722117217,200.0
111500,0.722264596,200.0
111600,0.722417606,200.0
111700,0.722564668,200.0
111800,0.722697339,200.0
111900,0.722833093,200.0
112000,0.722962219,200.0
112100,0.723101317,200.0
112200,0.723238735,200.0
112300,0.723381552,200.0
112400,0.723532597,200.0
112500,0.723672675,200.0
112600,0.723802311,200.0
112700,0.723940977,200.0
112800,0.724068866,200.0
112900,0.724207167,200.0
113000,0.724345644,200.0
113100,0.724485268,200.0
113200,0.724688443,200.0
113300,0.724909409,200.0
113400,0.725062004,200.0
113500,0.725197933,200.0
113600,0.725321372,200.0
113700,0.725458794,200.0
113800,0.725584507,200.0
113900,0.725716626,200.0
114000,0.725836779,200.0
114100,0.725964379,200.0
114200,0.726074804,200.0
114300,0.726202292,200.0
114400,0.726336269,200.0
114500,0.726476879,200.0
114600,0.726585414,200.0
114700,0.726729005,200.0
114800,0.726866138,200.0
114900,0.726990716,200.0
115000,0.727122532,200.0
115100,0.727253354,200.0
115200,0.727389365,200.0
115300,0.727506499,200.0
115400,0.727637524,200.0
115500,0.727777085,200.0
115600,0.727914366,200.0
115700,0.728044325,200.0
115800,0.728181564,200.0
115900,0.728322471,200.0
116000,0.728465691,200.0
116100,0.728608248,200.0
116200,0.728736292,200.0
116300,0.728879648,200.0
116400,0.729008467,200.0
116500,0.729158091,200.0
116600,0.729298925,200.0
116700,0.729432371,200.0
116800,0.729567523,200.0
116900,0.729706159,200.0
117000,0.729836917,200.0
117100,0.729973274,200.0
117200,0.730101643,200.0
117300,0.730229281,200.0
117400,0.730368468,200.0
117500,0.730509272,200.0
117600,0.730633046,200.0
117700,0.730773003,200.0
117800,0.730913652,200.0
117900,0.731049646,200.0
118000,0.731180698,200.0
118100,0.731322277,200.0
118200,0.731450959,200.0
118300,0.731584891,200.0
118400,0.731718324,200.0
118500,0.731864496,200.0
118600,0.732005603,200.0
118700,0.732140008,200.0
118800,0.732274322,200.0
118900,0.732411408,200.0
119000,0.732540188,200.0
119100,0.732673577,200.0
119200,0.732804483,200.0
119300,0.732944589,200.0
119400,0.733085958,200.0
119500,0.733226683,200.0
119600,0.733360512,200.0
119700,0.733482407,200.0
119800,0.733617415,200.0
119900,0.733738715,200.0
120000,0.733863532,200.0
120100,0.734004829,200.0
120200,0.734136648,200.0
120300,0.734303486,200.0
120400,0.734437562,200.0
120500,0.734568406,200.0
120600,0.734705125,200.0
120700,0.738117707,200.0
120800,0.738618438,200.0
120900,0.739028045,200.0
121000,0.739454956,200.0
121100,0.739837222,200.0
121200,0.740366243,200.0
121300,0.740703311,200.0
121400,0.741195859,200.0
121500,0.741895106,200.0
121600,0.742761708,200.0
121700,0.743506343,200.0
121800,0.743823416,200.0
121900,0.743974356,200.0
122000,0.744136723,200.0
122100,0.744295806,200.0
122200,0.744456004,200.0
122300,0.744612712,200.0
122400,0.744759094,200.0
122500,0.744909069,200.0
122600,0.745052252,200.0
122700,0.745203537,200.0
122800,0.745352294,200.0
122900,0.746421648,200.0
123000,0.746601996,200.0
123100,0.746973756,200.0
123200,0.747148092,200.0
123300,0.747305214,200.0
123400,0.747463747,200.0
123500,0.755418776,200.0
123600,0.755905614,200.0
123700,0.758618655,200.0
123800,0.759305259,200.0
123900,0.759475403,200.0
124000,0.759619933,200.0
124100,0.759763857,200.0
124200,0.759898285,200.0
124300,0.760026373,200.0
124400,0.760169059,200.0
124500,0.760300749,200.0
124600,0.760438177,200.0
124700,0.760582194,200.0
124800,0.760987917,200.0
124900,0.761437775,200.0
125000,0.761799846,200.0
125100,0.761946471,200.0
125200,0.762077869,200.0
125300,0.762219627,200.0
125400,0.762364371,200.0
125500,0.762510281,200.0
125600,0.762661316,200.0
125700,0.762919045,200.0
125800,0.763269003,200.0
125900,0.763604788,200.0
126000,0.763782548,200.0
126100,0.768980663,200.0
126200,0.769831404,200.0
126300,0.771016904,200.0
126400,0.771354668,200.0
126500,0.771660234,200.0
126600,0.771942458,200.0
126700,0.772202427,200.0
126800,0.772522159,200.0
126900,0.772805059,200.0
127000,0.773092714,200.0
127100,0.773378014,200.0
127200,0.773699199,200.0
127300,0.774024163,200.0
127400,0.774318846,200.0
127500,0.774611407,200.0
127600,0.774890028,200.0
127700,0.775148151,200.0
127800,0.775563485,200.0
127900,0.775724839,200.0
128000,0.775864522,200.0
128100,0.776010567,200.0
128200,0.776225551,200.0
128300,0.776366326,200.0
128400,0.776512256,200.0
128500,0.776652034,200.0
128600,0.776772442,200.0
128700,0.776908604,200.0
128800,0.777049635,200.0
128900,0.777295013,200.0
129000,0.777472377,200.0
129100,0.777604791,200.0
129200,0.778028268,200.0
129300,0.778475457,200.0
129400,0.778858194,200.0
129500,0.779091814,200.0
129600,0.779329078,200.0
129700,0.779497456,200.0
129800,0.779673545,200.0
129900,0.779826702,200.0
130000,0.780078898,200.0
130100,0.780475613,200.0
130200,0.780866466,200.0
130300,0.781113803,200.0
130400,0.781561315,200.0
130500,0.781754984,200.0
130600,0.781899934,200.0
130700,0.782041662,200.0
130800,0.782396439,200.0
130900,0.784723039,200.0
131000,0.797857955,200.0
131100,0.798070813,200.0
131200,0.798384964,200.0
131300,0.798526006,200.0
131400,0.798823045,200.0
131500,0.798985079,200.0
131600,0.799134335,200.0
131700,0.799282892,200.0
131800,0.799643843,200.0
131900,0.802736826,200.0
132000,0.803034311,200.0
132100,0.803238003,200.0
132200,0.803465893,200.0
132300,0.803687477,200.0
132400,0.804226615,200.0
132500,0.804489076,200.0
132600,0.804744376,200.0
132700,0.805028449,200.0
132800,0.805284677,200.0
132900,0.805573617,200.0
133000,0.805792765,200.0
133100,0.805929998,200.0
133200,0.806060117,200.0
133300,0.806195899,200.0
133400,0.806324829,200.0
133500,0.806465899,200.0
133600,0.806600829,200.0
133700,0.806732039,200.0
133800,0.806862437,200.0
133900,0.807004771,200.0
134000,0.807144519,200.0
134100,0.807279569,200.0
134200,0.807423474,200.0
134300,0.807561234,200.0
134400,0.807704013,200.0
134500,0.807836043,200.0
134600,0.807976492,200.0
134700,0.808114881,200.0
134800,0.808250318,200.0
134900,0.808396232,200.0
135000,0.808532651,200.0
135100,0.808669946,200.0
135200,0.808809029,200.0
135300,0.809040879,200.0
135400,0.809268509,200.0
135500,0.809559482,200.0
135600,0.809877571,200.0
135700,0.810738237,200.0
135800,0.811075096,200.0
135900,0.811266523,200.0
136000,0.811486194,200.0
136100,0.822200904,200.0
136200,0.822724127,200.0
136300,0.823141376,200.0
136400,0.823530979,200.0
136500,0.823900037,200.0
136600,0.824258447,200.0
136700,0.829582184,200.0
136800,0.829787862,200.0
136900,0.829948728,200.0
137000,0.830122394,200.0
137100,0.830297706,200.0
137200,0.830459122,200.0
137300,0.830602388,200.0
137400,0.830742565,200.0
137500,0.830891578,200.0
137600,0.831047339,200.0
137700,0.831369066,200.0
137800,0.831811456,200.0
137900,0.832159257,200.0
138000,0.832338908,200.0
138100,0.832784484,200.0
138200,0.832930075,200.0
138300,0.833071278,200.0
138400,0.833218459,200.0
138500,0.833351579,200.0
138600,0.833479618,200.0
138700,0.833607469,200.0
138800,0.833735295,200.0
138900,0.833847617,200.0
139000,0.833995314,200.0
139100,0.834130949,200.0
139200,0.834575199,200.0
139300,0.834821483,200.0
139400,0.835048317,200.0
139500,0.835266337,200.0
139600,0.836836323,200.0
139700,0.837168866,200.0
139800,0.837449456,200.0
139900,0.837737146,200.0
140000,0.837989104,200.0
140100,0.838274745,200.0
140200,0.838672469,200.0
140300,0.839116616,200.0
140400,0.839535677,200.0
140500,0.839883699,200.0
140600,0.840164039,200.0
140700,0.840728476,200.0
140800,0.841147805,200.0
140900,0.841557988,200.0
141000,0.841923325,200.0
141100,0.842297361,200.0
141200,0.842658545,200.0
141300,0.843038864,200.0
141400,0.843397048,200.0
141500,0.843748088,200.0
141600,0.844174709,200.0
141700,0.845065244,200.0
141800,0.845735816,200.0
141900,0.845889516,200.0
142000,0.846030487,200.0
142100,0.846221627,200.0
142200,0.846574677,200.0
142300,0.846892253,200.0
142400,0.847272739,200.0
142500,0.847492245,200.0
142600,0.847675559,200.0
142700,0.847814111,200.0
142800,0.847955536,200.0
142900,0.848112888,200.0
143000,0.848237614,200.0
143100,0.848377452,200.0
143200,0.848538639,200.0
143300,0.848718678,200.0
143400,0.848987076,200.0
143500,0.849228896,200.0
143600,0.849498953,200.0
143700,0.849675354,200.0
143800,0.849807571,200.0
143900,0.849943151,200.0
144000,0.850076935,200.0
144100,0.850211714,200.0
144200,0.850351126,200.0
144300,0.850470043,200.0
144400,0.850850957,200.0
144500,0.851099297,200.0
144600,0.851391596,200.0
144700,0.851644273,200.0
144800,0.851869681,200.0
144900,0.852064732,200.0
145000,0.852277251,200.0
145100,0.852486455,200.0
145200,0.852731056,200.0
145300,0.852984325,200.0
145400,0.853271926,200.0
145500,0.853501516,200.0
145600,0.854022167,200.0
145700,0.854748662,200.0
145800,0.855476725,200.0
145900,0.855827146,200.0
146000,0.856213721,200.0
146100,0.856982806,200.0
146200,0.857473649,200.0
146300,0.857874569,200.0
146400,0.858309012,200.0
146500,0.858633662,200.0
146600,0.858960223,200.0
146700,0.859248517,200.0
146800,0.859546986,200.0
146900,0.859952428,200.0
147000,0.860241461,200.0
147100,0.860561758,200.0
147200,0.860898414,200.0
147300,0.861178375,200.0
147400,0.861592324,200.0
147500,0.861736018,200.0
147600,0.861886034,200.0
147700,0.862028817,200.0
147800,0.862289596,200.0
147900,0.862464736,200.0
148000,0.863265739,200.0
148100,0.864017084,200.0
148200,0.864560297,200.0
148300,0.865026951,200.0
148400,0.866084597,200.0
148500,0.866558849,200.0
148600,0.868822964,200.0
148700,0.869165206,200.0
148800,0.869506159,200.0
148900,0.869832435,200.0
149000,0.870145937,200.0
149100,0.872328064,200.0
149200,0.872650054,200.0
149300,0.872931248,200.0
149400,0.873197094,200.0
149500,0.873465192,200.0
149600,0.873724073,200.0
149700,0.874005638,200.0
149800,0.874292876,200.0
149900,0.874591408,200.0
150000,0.874851338,200.0
150100,0.875119324,200.0
150200,0.875367391,200.0
150300,0.875617162,200.0
150400,0.875865734,200.0
150500,0.876129329,200.0
150600,0.876650077,200.0
150700,0.876950521,200.0
150800,0.877311767,200.0
150900,0.877622235,200.0
151000,0.877918518,200.0
151100,0.878143682,200.0
151200,0.878385278,200.0
151300,0.878638809,200.0
151400,0.878867227,200.0
151500,0.879073842,200.0
151600,0.879301818,200.0
151700,0.881798266,200.0
151800,0.881941297,200.0
151900,0.882088324,200.0
152000,0.882240156,200.0
152100,0.882376779,200.0
152200,0.882513675,200.0
152300,0.882644739,200.0
152400,0.882791075,200.0
152500,0.882932271,200.0
152600,0.885142068,200.0
152700,0.885459057,200.0
152800,0.885922521,200.0
152900,0.886276986,200.0
153000,0.886542664,200.0
153100,0.889578563,200.0
153200,0.889734297,200.0
153300,0.889875915,200.0
153400,0.890015173,200.0
153500,0.890145058,200.0
153600,0.890266471,200.0
153700,0.890396887,200.0
153800,0.890520816,200.0
153900,0.890654167,200.0
154000,0.890775695,200.0
154100,0.890891939,200.0
154200,0.891010067,200.0
154300,0.891130857,200.0
154400,0.891269867,200.0
154500,0.891390993,200.0
154600,0.891514875,200.0
154700,0.891640316,200.0
154800,0.891764015,200.0
154900,0.891893808,200.0
155000,0.892395351,200.0
155100,0.892684487,200.0
155200,0.892820589,200.0
155300,0.892970191,200.0
155400,0.893110872,200.0
155500,0.893236818,200.0
155600,0.893374759,200.0
155700,0.893826134,200.0
155800,0.893966534,200.0
155900,0.894147051,200.0
156000,0.894338647,200.0
156100,0.894476135,200.0
156200,0.894609218,200.0
156300,0.894737879,200.0
156400,0.894871897,200.0
156500,0.895002801,200.0
156600,0.895128857,200.0
156700,0.895258227,200.0
156800,0.895388521,200.0
156900,0.896651446,200.0
157000,0.896800612,200.0
157100,0.896938954,200.0
157200,0.897062645,200.0
157300,0.897188674,200.0
157400,0.897317146,200.0
157500,0.897449449,200.0
157600,0.897589411,200.0
157700,0.897724789,200.0
157800,0.897851389,200.0
157900,0.897992068,200.0
158000,0.898115591,200.0
158100,0.898250814,200.0
158200,0.898379245,200.0
158300,0.898507399,200.0
158400,0.898627039,200.0
158500,0.898757989,200.0
158600,0.898893429,200.0
158700,0.899029788,200.0
158800,0.899168166,200.0
158900,0.899291276,200.0
159000,0.899423491,200.0
159100,0.899559995,200.0
159200,0.899683751,200.0
159300,0.899814327,200.0
159400,0.899940951,200.0
159500,0.900073842,200.0
159600,0.900207241,200.0
159700,0.900345335,200.0
159800,0.900477523,200.0
159900,0.900606572,200.0
160000,0.900724777,200.0
160100,0.900860035,200.0
160200,0.900999037,200.0
160300,0.901120799,200.0
160400,0.901244848,200.0
160500,0.901458036,200.0
160600,0.901616574,200.0
160700,0.901758525,200.0
160800,0.901881889,200.0
160900,0.902002095,200.0
161000,0.902123889,200.0
161100,0.902247007,200.0
161200,0.902372853,200.0
161300,0.902490211,200.0
161400,0.903083189,200.0
161500,0.903449647,200.0
161600,0.903592213,200.0
161700,0.903818007,200.0
161800,0.904050642,200.0
161900,0.904186277,200.0
162000,0.904324373,200.0
162100,0.904461779,200.0
162200,0.904586596,200.0
162300,0.904724365,200.0
162400,0.904865005,200.0
162500,0.904999241,200.0
162600,0.905143137,200.0
162700,0.905284277,200.0
162800,0.905419989,200.0
162900,0.905558322,200.0
163000,0.905698968,200.0
163100,0.905830372,200.0
163200,0.906036579,200.0
163300,0.906163714,200.0
163400,0.906291417,200.0
163500,0.906410851,200.0
163600,0.906544206,200.0
163700,0.906669522,200.0
163800,0.906793807,200.0
163900,0.906910697,200.0
164000,0.907034099,200.0
164100,0.907189723,200.0
164200,0.907318561,200.0
164300,0.907511995,200.0
164400,0.907775642,200.0
164500,0.908026769,200.0
164600,0.908331567,200.0
164700,0.909469627,200.0
164800,0.909737057,200.0
164900,0.912285926,200.0
165000,0.913390395,200.0
165100,0.914071126,200.0
165200,0.914736642,200.0
165300,0.915567574,200.0
165400,0.915945801,200.0
165500,0.916244949,200.0
165600,0.916495617,200.0
165700,0.917575997,200.0
165800,0.918035735,200.0
165900,0.918442042,200.0
166000,0.920048763,200.0
166100,0.921075709,200.0
166200,0.921640186,200.0
166300,0.922021916,200.0
166400,0.922314201,200.0
166500,0.922585771,200.0
166600,0.922836473,200.0
166700,0.923085489,200.0
166800,0.923361573,200.0
166900,0.923645258,200.0
167000,0.923902768,200.0
167100,0.924167009,200.0
167200,0.924333058,200.0
167300,0.924473816,200.0
167400,0.924599867,200.0
167500,0.924784134,200.0
167600,0.925038954,200.0
167700,0.925344367,200.0
167800,0.925620279,200.0
167900,0.925902292,200.0
168000,0.926171266,200.0
168100,0.926449048,200.0
168200,0.926673442,200.0
168300,0.928237615,200.0
168400,0.928565046,200.0
168500,0.928852323,200.0
168600,0.929146391,200.0
168700,0.929409848,200.0
168800,0.929705751,200.0
168900,0.929977818,200.0
169000,0.947497707,200.0
169100,0.947766068,200.0
169200,0.948019765,200.0
169300,0.948276971,200.0
169400,0.948538765,200.0
169500,0.948837792,200.0
169600,0.949186937,200.0
169700,0.949592215,200.0
169800,0.949939787,200.0
169900,0.950197841,200.0
170000,0.950466679,200.0
170100,0.962403515,200.0
170200,0.962688095,200.0
170300,0.962936076,200.0
170400,0.963192549,200.0
170500,0.963468612,200.0
170600,0.963727308,200.0
170700,0.965259715,200.0
170800,0.965895827,200.0
170900,0.978832929,200.0
171000,0.979220062,200.0
171100,0.979510826,200.0
171200,0.979790898,200.0
171300,0.980082981,200.0
171400,0.980375481,200.0
171500,0.980685888,200.0
171600,0.980991175,200.0
171700,0.981301089,200.0
171800,0.981630008,200.0
171900,0.981941114,200.0
172000,0.982334214,200.0
172100,0.989770463,200.0
172200,0.992857623,200.0
172300,0.993296516,200.0
172400,0.993651871,200.0
172500,0.994426306,200.0
172600,0.994966207,200.0
172700,0.995260846,200.0
172800,0.995541174,200.0
172900,0.995842314,200.0
173000,0.997152188,200.0
173100,0.997717963,200.0
173200,0.998179575,200.0
173300,0.998662108,200.0
173400,1.001187397,200.0
173500,1.002061135,200.0
173600,1.002541391,200.0
173700,1.005674306,200.0
173800,1.006034639,200.0
173900,1.006337194,200.0
174000,1.007090041,200.0
174100,1.007968204,200.0
174200,1.008318521,200.0
174300,1.008625254,200.0
174400,1.008925548,200.0
174500,1.011636411,200.0
174600,1.011952971,200.0
174700,1.012263317,200.0
174800,1.012535674,200.0
174900,1.013002487,200.0
175000,1.020145682,200.0
175100,1.020620957,200.0
175200,1.021368205,200.0
175300,1.021693279,200.0
175400,1.021985146,200.0
175500,1.022300451,200.0
175600,1.023023986,200.0
175700,1.026468889,200.0
175800,1.027094229,200.0
175900,1.027920546,200.0
176000,1.028601883,200.0
176100,1.029059349,200.0
176200,1.029443019,200.0
176300,1.029852246,200.0
176400,1.030132172,200.0
176500,1.030425008,200.0
176600,1.030711598,200.0
176700,1.031007259,200.0
176800,1.031863893,200.0
176900,1.032193453,200.0
177000,1.032494036,200.0
177100,1.032808594,200.0
177200,1.033127448,200.0
177300,1.033437198,200.0
177400,1.034409491,200.0
177500,1.035034471,200.0
177600,1.036291144,200.0
177700,1.036989524,200.0
177800,1.037875688,200.0
177900,1.038164088,200.0
178000,1.086101962,200.0
178100,1.086518719,200.0
178200,1.086804974,200.0
178300,1.103189409,200.0
178400,1.103888719,200.0
178500,1.105781216,200.0
178600,1.107033534,200.0
178700,1.107877158,200.0
178800,1.108868723,200.0
178900,1.112637467,200.0
179000,1.113061754,200.0
179100,1.113590357,200.0
179200,1.113920474,200.0
179300,1.114315233,200.0
179400,1.115018891,200.0
179500,1.115388419,200.0
179600,1.115680773,200.0
179700,1.115963243,200.0
179800,1.116282765,200.0
179900,1.116560507,200.0
180000,1.116849354,200.0
180100,1.118162281,200.0
180200,1.118870632,200.0
180300,1.120671703,200.0
180400,1.121600482,200.0
180500,1.122346618,200.0
180600,1.122864747,200.0
180700,1.123244617,200.0
180800,1.123543072,200.0
180900,1.123836633,200.0
181000,1.124346499,200.0
181100,1.124663298,200.0
181200,1.124982115,200.0
181300,1.125312964,200.0
181400,1.125678092,200.0
181500,1.126074044,200.0
181600,1.126370202,200.0
181700,1.126677359,200.0
181800,1.127075738,200.0
181900,1.127584029,200.0
182000,1.128217455,200.0
182100,1.129185327,200.0
182200,1.129490161,200.0
182300,1.130000362,200.0
182400,1.130348418,200.0
182500,1.130812829,200.0
182600,1.131252809,200.0
182700,1.131533097,200.0
182800,1.131778676,200.0
182900,1.132029847,200.0
183000,1.134175122,200.0
183100,1.134536284,200.0
183200,1.135539307,200.0
183300,1.135821806,200.0
183400,1.136098079,200.0
183500,1.136402205,200.0
183600,1.136688564,200.0
183700,1.137214606,200.0
183800,1.137786337,200.0
183900,1.138123066,200.0
184000,1.138539186,200.0
184100,1.147510097,200.0
184200,1.147827427,200.0
184300,1.148219194,200.0
184400,1.149127219,200.0
184500,1.149879963,200.0
184600,1.152092571,200.0
184700,1.152850602,200.0
184800,1.153288314,200.0
184900,1.213318004,200.0
185000,1.213648337,200.0
185100,1.214003463,200.0
185200,1.216668874,200.0
185300,1.296131531,200.0
185400,1.298239798,200.0
185500,1.298980961,200.0
185600,1.299495935,200.0
185700,1.299967456,200.0
185800,1.300779226,200.0
185900,1.301722882,200.0
186000,1.304900242,200.0
186100,1.305193608,200.0
186200,1.305498759,200.0
186300,1.305780205,200.0
186400,1.306057972,200.0
186500,1.306319227,200.0
186600,1.309453348,200.0
186700,1.309734199,200.0
186800,1.310108891,200.0
186900,1.310445809,200.0
187000,1.314347947,200.0
187100,1.315426873,200.0
187200,1.319522154,200.0
187300,1.320866678,200.0
187400,1.321140891,200.0
187500,1.321743677,200.0
187600,1.322189005,200.0
187700,1.322505927,200.0
187800,1.322774654,200.0
187900,1.323094818,200.0
188000,1.323351536,200.0
188100,1.323608454,200.0
188200,1.324076009,200.0
188300,1.324377444,200.0
188400,1.324646678,200.0
188500,1.325065792,200.0
188600,1.325344227,200.0
188700,1.325804193,200.0
188800,1.326225004,200.0
188900,1.326483935,200.0
189000,1.326759417,200.0
189100,1.327081869,200.0
189200,1.333374516,200.0
189300,1.333659281,200.0
189400,1.333907598,200.0
189500,1.334310452,200.0
189600,1.334851548,200.0
189700,1.343481357,200.0
189800,1.344473383,200.0
189900,1.346263366,200.0
190000,1.346536071,200.0
190100,1.346765845,200.0
190200,1.347015526,200.0
190300,1.347281508,200.0
190400,1.365590039,200.0
190500,1.366170058,200.0
190600,1.366479476,200.0
190700,1.366785572,200.0
190800,1.367060187,200.0
190900,1.367332324,200.0
191000,1.371725896,200.0
191100,1.374102021,200.0
191200,1.376565138,200.0
191300,1.377194508,200.0
191400,1.377486495,200.0
191500,1.378117135,200.0
191600,1.387424267,200.0
191700,1.387959025,200.0
191800,1.388339678,200.0
191900,1.390428398,200.0
192000,1.392063114,200.0
192100,1.392360256,200.0
192200,1.392629298,200.0
192300,1.392921734,200.0
192400,1.393675686,200.0
192500,1.394020153,200.0
192600,1.394337361,200.0
192700,1.394831308,200.0
192800,1.407452661,200.0
192900,1.409405369,200.0
193000,1.409711704,200.0
193100,1.410137061,200.0
193200,1.413438836,200.0
193300,1.431775518,200.0
193400,1.432325537,200.0
193500,1.432873074,200.0
193600,1.433479948,200.0
193700,1.435991662,200.0
193800,1.436341472,200.0
193900,1.436968537,200.0
194000,1.437430634,200.0
194100,1.487424327,200.0
194200,1.488460458,200.0
194300,1.501023888,200.0
194400,1.501377443,200.0
194500,1.501799992,200.0
194600,1.502606575,200.0
194700,1.503797314,200.0
194800,1.510973725,200.0
194900,1.511292398,200.0
195000,1.511577393,200.0
195100,1.512006516,200.0
195200,1.512347292,200.0
195300,1.513023589,200.0
195400,1.513403122,200.0
195500,1.513991316,200.0
195600,1.514298922,200.0
195700,1.514616506,200.0
195800,1.514954161,200.0
195900,1.515313572,200.0
196000,1.515585647,200.0
196100,1.515889293,200.0
196200,1.516169727,200.0
196300,1.516482826,200.0
196400,1.516782291,200.0
196500,1.517068071,200.0
196600,1.518285654,200.0
196700,1.518590806,200.0
196800,1.518980286,200.0
196900,1.519296605,200.0
197000,1.519567373,200.0
197100,1.519841294,200.0
197200,1.520410668,200.0
197300,1.520693853,200.0
197400,1.521039215,200.0
197500,1.521321307,200.0
197600,1.521599315,200.0
197700,1.522155953,200.0
197800,1.522441127,200.0
197900,1.522907359,200.0
198000,1.523209166,200.0
198100,1.523502753,200.0
198200,1.523754607,200.0
198300,1.524500808,200.0
198400,1.524851939,200.0
198500,1.525140896,200.0
198600,1.526915089,200.0
198700,1.527208526,200.0
198800,1.528856289,200.0
198900,1.530792355,200.0
199000,1.533251375,200.0
199100,1.533528485,200.0
199200,1.533812735,200.0
199300,1.534100331,200.0
199400,1.534356859,200.0
199500,1.534642802,200.0
199600,1.534973593,200.0
199700,1.535435046,200.0
199800,1.535705027,200.0
199900,1.535974456,200.0
