iteration number, training time MIMIC, training time RHC, training time SA, training time GA
0,0.365190792,1.37E-04,2.16E-04,0.020373272
100,7.390513561,0.01452842,0.014098005,0.304910129
200,9.623191421,0.016246379,0.014301709,0.374396025
300,11.89545452,0.017106157,0.014595165,0.47103468
400,14.19723755,0.020067832,0.015114358,0.56779043
500,16.25667063,0.021103791,0.015539399,0.6981018
600,18.1286834,0.023287726,0.015698372,0.731315126
700,20.01535042,0.02387484,0.018802205,0.763941019
800,21.77145366,0.024431005,0.019136689,0.90119033
900,23.60412966,0.025924741,0.019429859,1.176942019
1000,25.50438045,0.026622931,0.019829557,1.420251123
1100,27.41218712,0.027280796,0.020129261,1.677828297
1200,29.5384117,0.02792159,0.020385547,1.846699859
1300,31.609293,0.02856493,0.02066871,1.910754214
1400,33.55403984,0.029255862,0.020931285,1.98278745
1500,35.65406699,0.030466979,0.021153362,2.031819819
1600,37.71306463,0.030918463,0.021618084,2.092390817
1700,39.94390778,0.031303939,0.021748503,2.172968057
1800,42.15814663,0.03164783,0.021933404,2.241970362
1900,44.27098258,0.031990801,0.022031964,2.36029406
2000,46.33229059,0.032290452,0.022234392,2.426003651
2100,48.34681366,0.03261731,0.02244555,2.485665789
2200,50.37130031,0.032947599,0.022672598,2.526721805
2300,53.08268723,0.033730674,0.022893122,2.572708029
2400,55.08782511,0.034123169,0.023042758,2.671908888
2500,57.01219244,0.034451276,0.023130749,2.706417145
2600,58.95882625,0.035188994,0.023225109,2.768440141
2700,60.80988136,0.035599037,0.023439121,2.991073808
2800,62.52064075,0.036978281,0.02378382,3.148561443
2900,64.42992058,0.038318194,0.02408839,3.360221255
3000,66.23787081,0.03868847,0.024352829,3.50659437
3100,67.96025665,0.039037876,0.027018415,3.671885605
3200,69.54774069,0.039424527,0.027396674,3.831186249
3300,71.22624323,0.039773613,0.029582364,3.986679013
3400,73.03677237,0.040143691,0.029731797,4.106899138
3500,74.78825926,0.040841435,0.029818871,4.15174833
3600,76.53370552,0.041249599,0.029940354,4.209669779
3700,78.21932112,0.041591152,0.030017747,4.25305253
3800,80.07246161,0.041886532,0.030241085,4.318421831
3900,81.81189747,0.042163683,0.030464258,4.371370602
4000,83.62543353,0.042474293,0.03054476,4.491888614
4100,85.71709062,0.042776101,0.030620694,4.52533952
4200,87.62095375,0.043053255,0.030699295,4.568833006
4300,89.85829528,0.047537383,0.032234857,4.623270721
4400,91.92345875,0.04785341,0.032521135,4.668738306
4500,93.86701414,0.0481584,0.033795019,4.736761151
4600,96.16250438,0.048451886,0.034234964,4.870775619
4700,98.50766898,0.04875878,0.034706548,5.019759422
4800,100.9893131,0.049024497,0.035110727,5.668602583
4900,103.7946273,0.049356519,0.036005339,5.836024279
5000,106.2298846,0.049648151,0.036303577,6.659337256
5100,108.3435019,0.049926041,0.036567244,6.893457302
5200,110.283339,0.050192472,0.036799062,7.006474549
5300,112.1820329,0.050460394,0.037059988,7.578114572
5400,113.9643385,0.050797092,0.037335774,7.741616362
5500,115.6944444,0.051136006,0.037693629,7.829404609
5600,117.4908139,0.051872732,0.037926115,8.035357944
5700,119.3102754,0.052282409,0.038048009,8.203263125
5800,121.0301838,0.052597112,0.038141114,8.376668844
5900,122.6745317,0.052876752,0.038221483,8.467209504
6000,124.4392683,0.053181134,0.038303323,8.562443452
6100,126.2100001,0.053521411,0.038387295,8.61164642
6200,127.8692729,0.053789764,0.038466583,8.738841852
6300,129.3775742,0.054077503,0.038650479,8.793204725
6400,130.9211207,0.054445312,0.038745497,8.878236335
6500,132.6122016,0.05470778,0.03883898,8.900391185
6600,134.2534624,0.055018183,0.038928735,9.156805295
6700,136.098725,0.055319494,0.03902557,9.386237381
6800,137.7298262,0.05558607,0.039109534,9.54564552
6900,139.4202555,0.055872461,0.039197713,9.706198333
7000,141.2677866,0.056997412,0.039279354,9.819054668
7100,143.4504414,0.057482206,0.039366133,9.841855903
7200,145.636894,0.057782246,0.039450212,9.876541572
7300,147.8533023,0.058079075,0.039547562,9.914319731
7400,150.0537198,0.059925819,0.039636357,9.96736289
7500,152.6492244,0.060243216,0.03972787,10.00541239
7600,154.8330812,0.060550196,0.03988153,10.04557209
7700,156.7899886,0.060822604,0.039973478,10.07775782
7800,159.2270381,0.061078899,0.040059801,10.10308741
7900,164.2741998,0.061349301,0.040145254,10.14796783
8000,168.9194854,0.061627151,0.040305594,10.18144719
8100,172.5086276,0.069261809,0.040404811,10.20568389
8200,176.1463269,0.069646537,0.040504751,10.2310139
8300,179.8744927,0.069950924,0.042982227,10.2518523
8400,184.7674074,0.070254797,0.043347098,10.2986843
8500,188.7827839,0.070525562,0.045929165,10.32513278
8600,193.8410906,0.070845844,0.046067478,10.35131923
8700,199.7706742,0.07137079,0.05277565,10.39166541
8800,205.3031124,0.071683094,0.099209735,10.69122542
8900,209.295538,0.071947713,0.099331174,10.72067989
9000,217.1469119,0.072219714,0.09943198,10.76137386
9100,223.1532476,0.072550173,0.099525438,10.81519985
9200,225.533212,0.072823639,0.099621164,10.90014035
9300,228.1796927,0.073098802,0.099714435,11.02761623
9400,232.145407,0.074548045,0.099810317,11.04976393
9500,243.6626914,0.078953923,0.099896612,11.14411306
9600,248.0441853,0.086134957,0.099986489,11.18108407
9700,250.809054,0.086567457,0.10007404,11.22081261
9800,253.8830735,0.086848775,0.100163137,11.28241162
9900,256.8471874,0.087135957,0.100249965,11.39202049
10000,259.6307921,0.091130414,0.100336204,11.51934131
10100,263.3387633,0.091499441,0.100420014,11.55851002
10200,266.5656759,0.091804997,0.100502034,11.63118306
10300,269.6186375,0.092101833,0.100584047,11.65494168
10400,272.9536759,0.09237137,0.100665618,11.67339679
10500,275.9730857,0.092638019,0.100744815,11.71786004
10600,278.8750333,0.093925552,0.100839888,11.99601191
10700,281.8313772,0.094196654,0.100926351,12.08813683
10800,285.0930983,0.094443494,0.103051611,12.10706095
10900,288.433982,0.094698614,0.103178912,12.136371
11000,291.7390399,0.096522121,0.103272477,12.15773957
11100,295.8400356,0.09679098,0.103357089,12.17880741
11200,299.804051,0.097042162,0.103434928,12.30968185
11300,303.5125687,0.097316903,0.103517411,12.33292934
11400,308.1068419,0.097536085,0.103608973,12.55499754
11500,311.2956917,0.097771741,0.103694492,12.64247899
11600,314.0012596,0.098001894,0.106038177,12.67404869
11700,316.6324185,0.098310767,0.106160635,12.8309909
11800,319.270735,0.09861416,0.106252594,12.99385953
11900,322.3137651,0.09886467,0.10633978,13.04051107
12000,324.9453667,0.099098831,0.106436693,13.07475114
12100,327.4307076,0.099365934,0.106525752,13.13692717
12200,330.1504796,0.099592486,0.106620721,13.17596866
12300,332.9254646,0.099882537,0.106714369,13.29661703
12400,335.861863,0.100175233,0.106812288,13.41252549
12500,340.9387568,0.100393562,0.106901161,13.5316143
12600,345.3210736,0.100607494,0.106993417,13.56992686
12700,349.1212915,0.10398201,0.107086198,13.59819878
12800,353.460366,0.104360847,0.107178712,13.76331495
12900,358.0433037,0.104675437,0.107270171,13.79368562
13000,361.8826554,0.104935914,0.107366178,13.87323518
13100,364.9409819,0.105193957,0.107453617,13.89771081
13200,368.7591171,0.105423255,0.107541172,13.92236835
13300,371.8436354,0.105646919,0.107629614,14.11683699
13400,375.0796369,0.105901563,0.107718232,14.15355853
13500,378.024013,0.106162503,0.107809907,14.19353619
13600,381.0964095,0.106385336,0.107888491,14.2960788
13700,384.0752136,0.106639294,0.107979754,14.38833854
13800,387.2529652,0.106884081,0.108063631,14.42538561
13900,390.6241555,0.107116701,0.108149092,14.54690478
14000,393.9851865,0.107392892,0.10823377,14.60567911
14100,397.2602862,0.107691252,0.108320048,14.74905111
14200,401.4476948,0.107931393,0.108404392,14.78899994
14300,406.1015228,0.108481401,0.153631071,14.80719731
14400,408.4446291,0.108743527,0.153774327,14.87924804
14500,410.6530896,0.109001752,0.153895639,14.89759104
14600,413.6554879,0.109253494,0.154010737,14.92969813
14700,417.2154163,0.110543525,0.154133094,15.17277587
14800,420.159023,0.110839673,0.154238123,15.2476446
14900,422.86309,0.111116917,0.154351674,15.29536799
15000,425.3950361,0.111339097,0.154458478,15.33740655
15100,429.1950739,0.111551645,0.154564458,15.39404839
15200,431.8243809,0.1118279,0.154662094,15.41653612
15300,434.4573313,0.112053891,0.15477239,15.61576481
15400,436.9811378,0.1122882,0.154871157,15.66305428
15500,439.3628745,0.112516992,0.154975778,15.69439479
15600,441.8156884,0.112752719,0.155087752,15.72336651
15700,444.572453,0.113000141,0.155209402,15.76020847
15800,447.3547538,0.113272819,0.155335232,15.79231599
15900,449.8809815,0.113525282,0.155455955,15.84344953
16000,452.8752919,0.113762297,0.155572083,15.88984594
16100,455.5696565,0.113991035,0.155682014,15.93388103
16200,458.4584703,0.11422496,0.155798457,15.96438527
16300,460.6542109,0.114478461,0.155944651,15.99775566
16400,463.7635749,0.114772277,0.156068355,16.02075366
16500,467.6998062,0.115048764,0.156187844,16.07015096
16600,472.665213,0.115281887,0.156294829,16.12945879
16700,477.1072026,0.115510891,0.156416668,16.16461504
16800,480.2671352,0.11680879,0.156550599,16.22480296
16900,484.4448961,0.117098099,0.156688441,16.27738149
17000,489.8835275,0.117333335,0.156809507,16.31047001
17100,492.7801005,0.117616814,0.15693511,16.36135309
17200,495.9247528,0.117855301,0.157055573,16.39296173
17300,499.0068235,0.118168122,0.157350911,16.44701524
17400,501.9408221,0.118442684,0.160485338,16.50200045
17500,504.7490759,0.118743421,0.161016507,16.52877606
17600,507.0723661,0.118996512,0.161392917,16.55998209
17700,509.1481146,0.119254256,0.1634035,16.59980163
17800,511.5378938,0.119481703,0.163740083,16.63630012
17900,513.6133409,0.119732811,0.164203884,16.76681806
18000,515.9815246,0.120001453,0.164329733,16.83233422
18100,518.3799522,0.120223371,0.164449877,16.88128514
18200,520.2284431,0.120772846,0.164562441,16.91092015
18300,522.2251781,0.121053809,0.164666939,16.94343372
18400,523.9891703,0.121282992,0.164775911,16.98722147
18500,526.2443282,0.12150251,0.164890848,17.02713846
18600,528.8426656,0.122745799,0.165005727,17.0474437
18700,531.5609546,0.124010153,0.165360481,17.09684824
18800,534.6798925,0.124281086,0.16547845,17.14700496
18900,537.3268345,0.136203452,0.165677451,17.23191618
19000,540.1708519,0.136357154,0.165814153,17.3037042
19100,542.7532066,0.136467689,0.165924247,17.3315788
19200,544.7486765,0.136684536,0.166047709,17.37318055
19300,546.7313899,0.136810543,0.166150122,17.40180186
19400,549.9186819,0.137026969,0.181367499,17.43650629
19500,552.325113,0.137292112,0.181632455,17.46983844
19600,554.5873957,0.139451973,0.181756193,17.51179992
19700,556.4872732,0.140387977,0.181869365,17.53813999
19800,558.3996238,0.140863319,0.181998681,17.58777415
19900,560.365156,0.141424203,0.18212222,17.61365205
20000,562.3979314,0.141520755,0.182221717,17.65668548
20100,564.5512897,0.141611663,0.182330162,17.83533953
20200,566.5393366,0.141847612,0.182427975,17.88528497
20300,568.4228838,0.142557557,0.182526642,17.93300974
20400,570.6625104,0.142828182,0.182629067,17.97316009
20500,572.9177423,0.14306634,0.182738961,18.02890704
20600,575.0328104,0.143189551,0.182846169,18.05619085
20700,577.1628445,0.143281221,0.182957489,18.10904057
20800,579.1958362,0.143368524,0.183072874,18.1832834
20900,581.2267236,0.143459001,0.183621119,18.2576075
21000,583.2297017,0.143547551,0.1838101,18.31413309
21100,585.2316308,0.143631052,0.183924789,18.37148401
21200,587.2959976,0.143719497,0.184026427,18.5349024
21300,589.4798207,0.143822117,0.18412802,18.64459536
21400,591.8959653,0.14391832,0.184233972,18.77733434
21500,594.5329059,0.144005173,0.184344579,18.88702102
21600,597.8915872,0.144102175,0.184445547,19.13424062
21700,600.8366467,0.144192259,0.184552469,19.27396888
21800,603.673946,0.144389057,0.184661121,19.29998885
21900,606.4219473,0.144476095,0.184778722,19.43922554
22000,609.2444568,0.144553093,0.18488591,19.51610096
22100,611.1260787,0.144634414,0.184994999,19.57042546
22200,613.1241819,0.144714993,0.185106711,19.67903818
22300,615.1857296,0.144793286,0.185208495,19.75489151
22400,617.2857332,0.144879772,0.185330698,19.78189082
22500,619.0985542,0.14496894,0.185474772,20.10560856
22600,621.0529209,0.145120041,0.1855884,20.27237593
22700,623.1014999,0.145348032,0.185693627,20.39007517
22800,625.0866184,0.145475194,0.185797351,20.5106154
22900,627.2717831,0.145579341,0.186032122,20.57211031
23000,629.1178508,0.145677697,0.186150015,20.67591165
23100,631.2149593,0.14576311,0.186255154,20.72977417
23200,633.4752882,0.145847994,0.186541883,20.75575849
23300,635.5940567,0.14594493,0.186735203,20.7804695
23400,637.762053,0.146035517,0.186843531,20.84996994
23500,639.9680815,0.146128881,0.18695371,20.89095761
23600,641.8751204,0.146225219,0.187059191,21.02884707
23700,643.7084465,0.146318352,0.18717482,21.06571745
23800,646.2031994,0.146406136,0.187296755,21.09989533
23900,648.9664464,0.146495443,0.187387443,21.14308229
24000,651.6272402,0.146581611,0.188113188,21.20388238
24100,654.4093326,0.146676034,0.188229725,21.2379565
24200,657.1009812,0.146762652,0.188337043,21.30097955
24300,659.6208303,0.146851103,0.188452911,21.35467694
24400,662.6377375,0.14697219,0.188600632,21.47650515
24500,665.1350528,0.14706675,0.188719378,21.5051738
24600,667.2883629,0.147166732,0.188843869,21.54624157
24700,669.8587345,0.147251289,0.188960107,21.68085423
24800,671.9380254,0.147333603,0.189081537,21.77096503
24900,674.4939635,0.147414996,0.18920356,21.81328191
25000,676.7480002,0.147495295,0.189419003,21.84005804
25100,679.4086833,0.147578137,0.189551078,21.87345461
25200,681.2638672,0.147688633,0.189666139,21.91418119
25300,683.2662863,0.147778417,0.189788694,21.97588388
25400,685.2059623,0.147863159,0.189910913,22.00973395
25500,687.2399286,0.147965082,0.190024961,22.04599176
25600,689.2553976,0.148242212,0.190143723,22.06598228
25700,691.302171,0.148347232,0.190264642,22.11682158
25800,693.5101739,0.14843883,0.190376268,22.15688582
25900,695.6765441,0.148529246,0.190497391,22.21683135
26000,697.8717544,0.148633211,0.190616275,22.34529144
26100,699.7522892,0.148732013,0.190739129,22.38020245
26200,701.695596,0.148825447,0.190847939,22.44089348
26300,703.639313,0.148917244,0.190965735,22.52708445
26400,705.4910486,0.149009833,0.191087078,22.59339155
26500,707.694948,0.152523399,0.191203414,22.69787857
26600,709.9464057,0.152758535,0.191331237,22.77664027
26700,711.9223353,0.152888612,0.19475554,22.83899402
26800,714.1121357,0.152996973,0.194989074,22.92672568
26900,716.1124368,0.153103557,0.195131403,22.98131093
27000,718.2978585,0.15322958,0.196056448,23.03318775
27100,720.3785917,0.15333057,0.196199323,23.10696454
27200,722.7928887,0.153427835,0.196319571,23.16477871
27300,725.1002573,0.15352653,0.196440499,23.26863167
27400,727.3700722,0.15362172,0.196561934,23.3489341
27500,729.8483676,0.153746803,0.196682598,23.39147417
27600,732.1899716,0.15384292,0.196797709,23.50965622
27700,734.3148491,0.153961951,0.196903998,23.52829835
27800,736.3569334,0.154062055,0.197245588,23.64869164
27900,738.3852419,0.15415535,0.197608837,23.71505962
28000,740.2924087,0.154250473,0.197729351,23.73837015
28100,742.2420171,0.154364576,0.197856912,23.79315092
28200,744.2070043,0.154462003,0.197975991,24.00288435
28300,746.2937974,0.154555342,0.198094728,24.39862984
28400,748.1759858,0.154681121,0.198215654,24.42257361
28500,750.3788228,0.154772853,0.198339373,24.5426132
28600,752.6498058,0.154854554,0.198466921,24.58176319
28700,754.8114964,0.154939924,0.19858936,24.64146724
28800,756.9685945,0.155026231,0.198709953,24.69314665
28900,759.0300882,0.155110741,0.198831734,24.73293701
29000,761.1205004,0.155186854,0.198952282,24.78542101
29100,763.2501834,0.155267977,0.199070549,24.88888047
29200,765.9404597,0.155347885,0.199190843,24.92941613
29300,768.8380508,0.155431965,0.19930296,24.96377265
29400,771.6320947,0.155512255,0.199421469,25.01376973
29500,774.8457621,0.155585159,0.199544572,25.04017672
29600,777.0941868,0.155665682,0.199664378,25.0678365
29700,779.4979214,0.155755792,0.199774247,25.14726065
29800,781.5622427,0.15584202,0.19988869,25.20077297
29900,784.9978045,0.155946941,0.200014324,25.25944384
30000,787.8976281,0.156027942,0.200142271,25.32490899
30100,790.5165054,0.1561073,0.200269523,25.39229679
30200,792.283541,0.156187564,0.200396395,25.42597377
30300,794.3589938,0.156266861,0.200504752,25.46123774
30400,796.4846151,0.1563454,0.200619175,25.5301148
30500,798.5129111,0.156427806,0.200736235,25.59601951
30600,800.4532219,0.156519445,0.20085679,25.68251673
30700,802.6007805,0.156610529,0.200979334,25.72324047
30800,804.6540941,0.156696057,0.20110344,25.75479405
30900,806.8213113,0.156906779,0.20123702,25.82686268
31000,808.661362,0.157066372,0.201358451,25.88882513
31100,810.8027416,0.157276703,0.201494208,25.9364831
31200,812.9761742,0.157371084,0.201634531,25.99632966
31300,815.3726997,0.157459963,0.201762149,26.0194242
31400,818.2212355,0.15754965,0.201890299,26.03813546
31500,821.4504696,0.15763612,0.20202265,26.0670747
31600,824.2672554,0.157729861,0.202152405,26.12364272
31700,826.3922794,0.157821127,0.202280137,26.15867649
31800,828.4756163,0.157913431,0.202402653,26.20054858
31900,830.6039718,0.157995797,0.202524008,26.25983017
32000,832.8386545,0.161054609,0.202655049,26.2916365
32100,835.0899747,0.164092617,0.202802363,26.32021829
32200,837.2215537,0.187213611,0.202925319,26.37215987
32300,839.7224018,0.188612023,0.203060887,26.45870858
32400,841.8095895,0.1899515,0.203188257,26.48375801
32500,844.2963757,0.190074769,0.203327699,26.50465375
32600,846.4863764,0.193806454,0.203462294,26.53237526
32700,848.9521447,0.193921836,0.203592842,26.57764937
32800,850.9035076,0.194017212,0.203726481,26.65829742
32900,852.8210098,0.194104694,0.203857882,26.68857534
33000,854.8441078,0.194183983,0.203988009,26.72570182
33100,856.8431955,0.1942747,0.204117188,26.80644567
33200,858.8776977,0.194352112,0.204250888,26.88384439
33300,860.8648045,0.19443444,0.204387772,26.95235557
33400,862.8155533,0.194516595,0.204513289,27.00889962
33500,864.796487,0.194602994,0.204646402,27.04086795
33600,866.8628142,0.194691434,0.204774157,27.06315916
33700,868.6673808,0.194785089,0.204898443,27.16482476
33800,870.9031696,0.19487491,0.205027647,27.19637547
33900,873.0630813,0.194957097,0.205161162,27.24605861
34000,875.0218931,0.195039569,0.205306295,27.36071621
34100,877.2533831,0.19513149,0.205447715,27.43320442
34200,879.6068494,0.195215159,0.20557971,27.48772626
34300,881.5395336,0.195291316,0.205701534,27.53510931
34400,883.6460605,0.195370401,0.205839751,27.55892795
34500,885.9687249,0.195451402,0.205965149,27.58456004
34600,888.0630255,0.19553464,0.206105307,27.66007822
34700,890.2101645,0.195617561,0.206242413,27.68991801
34800,892.478973,0.195697255,0.206373793,27.80655433
34900,894.7144694,0.195787957,0.206506274,27.88732418
35000,896.9739829,0.195867771,0.206642087,27.91885672
35100,899.1184699,0.195949017,0.206763532,28.01269049
35200,901.1171463,0.196042242,0.206890814,28.10832476
35300,903.6646897,0.196128195,0.207016767,28.151758
35400,906.0683673,0.196209487,0.207147001,28.18290661
35500,908.4152423,0.19629213,0.207268347,28.20531197
35600,910.5852425,0.196375049,0.319994242,28.3324306
35700,912.4935623,0.196462476,0.320376534,28.40227773
35800,914.5262472,0.19654489,0.320677095,28.44355141
35900,916.7560582,0.196635594,0.321009167,28.50282861
36000,918.7386379,0.196719151,0.32129297,28.56658873
36100,920.6408894,0.196801415,0.321595285,28.63199021
36200,922.735601,0.196884812,0.321866697,28.66591394
36300,925.2792899,0.196972397,0.322186098,28.70795797
36400,927.9654567,0.197055073,0.323272335,28.76654989
36500,931.7614222,0.197141952,0.323638975,28.8731126
36600,935.0839599,0.197341954,0.323830838,28.91459053
36700,938.9982936,0.197438117,0.324007572,28.94921297
36800,941.9366842,0.197515217,0.326819008,29.01051961
36900,944.1197704,0.197603401,0.327274234,29.09879917
37000,946.3355287,0.197675715,0.327602082,29.13754633
37100,948.5073487,0.197767236,0.327895275,29.20788224
37200,950.71083,0.197850841,0.329198811,29.27259393
37300,952.9248349,0.197945414,0.329394108,29.38288983
37400,955.4315776,0.19803792,0.3298025,29.406623
37500,957.8600653,0.198121885,0.330954048,29.51002449
37600,960.212019,0.199152935,0.33114358,29.53336061
37700,962.40246,0.19966918,0.331323308,29.5602696
37800,964.9330178,0.200040855,0.331496967,29.64566252
37900,967.1770483,0.200398316,0.33166998,29.68793996
38000,969.533398,0.20072764,0.331850331,29.71861141
38100,971.5472384,0.201026343,0.332029227,29.76713006
38200,973.4391301,0.201320342,0.332202799,29.79331004
38300,975.4896436,0.202398172,0.332384562,29.84904368
38400,977.480554,0.20275978,0.332553874,29.92594785
38500,979.3123234,0.20440324,0.332716047,30.02327695
38600,981.3217997,0.205319112,0.333013515,30.05848488
38700,983.3318277,0.20566257,0.333305869,30.10630254
38800,985.2870034,0.20598924,0.333610018,30.17371922
38900,987.3726671,0.206294341,0.333802089,30.19536116
39000,989.4511467,0.206946962,0.333978517,30.21486956
39100,991.5450532,0.21039544,0.334155092,30.25014779
39200,993.2589519,0.210777559,0.33432562,30.2706885
39300,995.4266983,0.223592726,0.334492322,30.29088891
39400,997.4346655,0.224036603,0.334654207,30.30866928
39500,999.764897,0.224397261,0.334825155,30.32557132
39600,1002.067764,0.225220854,0.335452389,30.34469186
39700,1004.27904,0.225562754,0.335632234,30.36169545
39800,1006.411013,0.225865574,0.335783908,30.38543553
39900,1008.388135,0.22614946,0.335933457,30.41680145
40000,1010.567895,0.226508927,0.336090089,30.45683626
40100,1012.722708,0.226722782,0.336239514,30.47519405
40200,1015.15038,0.22680798,0.336391938,30.50910088
40300,1017.261091,0.226898541,0.336553989,30.52920809
40400,1019.387542,0.22697962,0.336715837,30.55136926
40500,1021.39156,0.227055196,0.338007762,30.57133051
40600,1023.893077,0.227130155,0.338197988,30.60092625
40700,1026.016878,0.227200246,0.338356859,30.62063325
40800,1028.374052,0.227272245,0.338521972,30.6451399
40900,1030.530416,0.227350492,0.339807192,30.71627268
41000,1032.363663,0.227430103,0.339998028,30.77001662
41100,1035.191086,0.227500516,0.340166118,30.80726232
41200,1038.345698,0.227569601,0.340341803,30.84317353
41300,1041.050734,0.227645752,0.340623487,30.86596851
41400,1043.386927,0.227726277,0.34090218,30.8911119
41500,1045.660962,0.227800176,0.34107193,30.91658748
41600,1047.935808,0.227876741,0.341239193,30.93533045
41700,1050.653285,0.227955996,0.341404603,30.96965744
41800,1052.434814,0.228029539,0.341568495,31.0107616
41900,1054.289704,0.228099645,0.34175039,31.0410397
42000,1056.710987,0.228181772,0.34191593,31.08481734
42100,1059.584097,0.2282577,0.342099123,31.11066213
42200,1062.5729,0.228331899,0.342274573,31.1570496
42300,1065.509847,0.22840664,0.342555949,31.19836469
42400,1068.400196,0.228479917,0.342716401,31.33451914
42500,1070.916508,0.228785902,0.343120137,31.36110902
42600,1073.248109,0.228875681,0.343322397,31.39983724
42700,1075.972253,0.229011397,0.343489267,31.44096563
42800,1078.144949,0.22908444,0.34627875,31.65931552
42900,1080.265073,0.229163,0.346481992,31.72878096
43000,1082.58286,0.229240605,0.346665008,31.7804083
43100,1086.708902,0.229324084,0.346833452,31.80507833
43200,1090.333621,0.229485154,0.347012203,31.84036197
43300,1094.069331,0.229972969,0.347193525,31.86867354
43400,1099.281393,0.23020995,0.347361468,31.93313172
43500,1102.488532,0.230360636,0.34752945,31.96695783
43600,1105.150274,0.230518012,0.347700157,32.02162309
43700,1107.561437,0.230664437,0.347866041,32.04663242
43800,1109.66624,0.23081799,0.348027323,32.16902977
43900,1111.84015,0.23204232,0.348390053,32.2212642
44000,1113.832987,0.232403884,0.348571714,32.27015673
44100,1115.906014,0.232752161,0.348744832,32.30373435
44200,1117.929154,0.233062359,0.348924589,32.36291317
44300,1120.052186,0.233976602,0.349096307,32.44808754
44400,1122.339517,0.235888293,0.349254634,32.50134305
44500,1124.771406,0.23601787,0.365218858,32.54255061
44600,1127.279639,0.236105209,0.365433352,32.59068698
44700,1129.562366,0.24078674,0.365624933,32.62589871
44800,1132.077208,0.241273777,0.365790011,32.65687058
44900,1134.247336,0.259100607,0.365955567,32.71669394
45000,1136.826057,0.259480731,0.366135884,32.76027114
45100,1138.899389,0.259827844,0.366316691,32.81314955
45200,1140.95909,0.260095226,0.36650545,32.8438763
45300,1143.393991,0.260364017,0.366685245,32.89295254
45400,1145.952371,0.260592701,0.366860965,32.91725708
45500,1148.551922,0.260828191,0.367041471,32.97411977
45600,1151.350436,0.261588212,0.367207387,33.02288599
45700,1154.103569,0.261837472,0.367380071,33.05687014
45800,1156.98808,0.262010312,0.367548394,33.11535498
45900,1158.902974,0.262172623,0.367742919,33.16968078
46000,1161.088139,0.262329119,0.367914333,33.26673586
46100,1163.19504,0.262528953,0.368083254,33.2996959
46200,1165.763097,0.262867769,0.36825061,33.35532027
46300,1167.872614,0.262955332,0.368409827,33.39315491
46400,1169.941624,0.263025312,0.36879512,33.41076957
46500,1172.406828,0.263117722,0.368958729,33.44084491
46600,1175.264689,0.263190413,0.369112128,33.47944355
46700,1178.697058,0.263391281,0.369269361,33.50521221
46800,1181.663529,0.263820121,0.369720315,33.5257562
46900,1184.187517,0.266047892,0.369911189,33.55260512
47000,1186.382326,0.266261767,0.370077087,33.59094946
47100,1189.550445,0.266408552,0.370251188,33.63420367
47200,1192.138533,0.266605991,0.370418518,33.67108824
47300,1194.588138,0.266905637,0.370595989,33.69571919
47400,1197.19448,0.267069723,0.370766285,33.7222688
47500,1199.4665,0.267244665,0.370934992,33.74561736
47600,1201.543673,0.269536896,0.371089013,33.76441634
47700,1204.253046,0.269838262,0.371242497,33.79669934
47800,1206.311393,0.276264534,0.37140364,33.83326713
47900,1208.425875,0.276386681,0.371569432,33.85543538
48000,1210.967698,0.276477849,0.371739724,33.88218444
48100,1213.318532,0.276684075,0.371903029,33.91798478
48200,1215.727027,0.276797142,0.37206178,33.95143937
48300,1217.980509,0.277038311,0.372212754,34.04174261
48400,1219.846411,0.277386311,0.37238477,34.08363576
48500,1221.886225,0.279269043,0.37253883,34.12226395
48600,1223.979544,0.279448067,0.3727031,34.1533157
48700,1226.201621,0.279596005,0.37286332,34.20188646
48800,1228.707578,0.279743209,0.37303301,34.23236692
48900,1231.519961,0.279886071,0.373195494,34.26530674
49000,1233.957442,0.280066202,0.373352419,34.30011522
49100,1236.168668,0.280230597,0.373498727,34.34943249
49200,1237.962635,0.280416329,0.373659448,34.37561964
49300,1240.2936,0.28056346,0.373815831,34.44878046
49400,1242.909338,0.280720747,0.373976197,34.47890592
49500,1245.296053,0.311613218,0.374142628,34.51276865
49600,1247.683495,0.31975639,0.374304592,34.58268909
49700,1250.148668,0.320038124,0.37446874,34.61559932
49800,1252.446909,0.320185158,0.37463892,34.64054217
49900,1255.076434,0.322273972,0.374793751,34.66140739
50000,1257.404632,0.322634124,0.374955532,34.70806184
50100,1259.780942,0.322860101,0.375123749,34.74034035
50200,1261.873202,0.323122706,0.375284054,34.79267003
50300,1264.614454,0.323952023,0.375449317,34.82188964
50400,1267.391815,0.324210067,0.375978012,34.93167059
50500,1270.125156,0.324808441,0.37618267,34.99523698
50600,1272.961829,0.325064417,0.376367799,35.03375554
50700,1275.219558,0.325235453,0.376529448,35.0687121
50800,1277.778142,0.325506797,0.376709029,35.10373497
50900,1279.693316,0.325578186,0.376875333,35.15640986
51000,1284.062684,0.325659662,0.377035838,35.19595041
51100,1289.653515,0.325732582,0.377228018,35.28376985
51200,1293.223693,0.325838724,0.377407787,35.32267543
51300,1296.051527,0.325911678,0.377580552,35.40523057
51400,1299.082153,0.325983741,0.377852362,35.44299357
51500,1302.288773,0.326059256,0.378035307,35.52938333
51600,1305.34524,0.326124453,0.37821108,35.60255534
51700,1308.580888,0.326182278,0.378397209,35.71721329
51800,1312.954987,0.327346936,0.378568644,35.81963144
51900,1314.840089,0.327509967,0.37872966,35.86392597
52000,1316.541188,0.32759706,0.378900909,35.89992989
52100,1320.319241,0.328266237,0.379081379,35.98540772
52200,1323.380829,0.328756977,0.379269044,36.06179075
52300,1325.788892,0.328954932,0.379430878,36.09274579
52400,1328.417101,0.329310691,0.380416951,36.18392501
52500,1330.468132,0.329736366,0.380614133,36.27532856
52600,1332.393319,0.330128963,0.380780751,36.30491686
52700,1334.171995,0.330501793,0.45619726,36.40761289
52800,1335.808981,0.330887937,0.45664263,36.43500766
52900,1337.493244,0.331245726,0.456986043,36.4779903
53000,1339.05552,0.331636708,0.457316038,36.54519994
53100,1340.510035,0.332021882,0.457622089,36.59239864
53200,1342.100726,0.33247844,0.457937474,36.70181491
53300,1343.788643,0.332943253,0.458966818,36.81870463
53400,1346.050369,0.333112146,0.462717645,36.85862406
53500,1349.352526,0.33318415,0.463336597,37.01995169
53600,1351.214182,0.333255812,0.463750059,37.09851491
53700,1353.451136,0.33332679,0.464002854,37.16434684
53800,1355.953933,0.333404006,0.46429311,37.24568345
53900,1357.809011,0.333475918,0.46484379,37.28694325
54000,1359.528591,0.333545551,0.466096885,37.34600557
54100,1361.299396,0.33362359,0.467134575,37.37799695
54200,1362.952271,0.33369682,0.467652482,37.40366369
54300,1364.565144,0.333782276,0.468224947,37.45939855
54400,1366.06761,0.33384713,0.468709027,37.52440342
54500,1367.603444,0.333916951,0.469186457,37.58747902
54600,1369.272694,0.334020597,0.481642722,37.69032095
54700,1370.790035,0.334100313,0.48997172,37.71435538
54800,1372.225945,0.334343155,0.490679365,37.75136926
54900,1373.641729,0.334443256,0.491332428,37.81458456
55000,1375.065859,0.334519674,0.49192859,37.89259347
55100,1376.503504,0.334590916,0.492604194,37.91550469
55200,1377.930366,0.334666816,0.494040059,37.95408098
55300,1379.521477,0.334746814,0.49489153,38.02009041
55400,1381.346833,0.334825223,0.495469339,38.06593316
55500,1386.578771,0.334897933,0.495945252,38.14773633
55600,1388.803376,0.334970852,0.49650372,38.17512592
55700,1390.912888,0.335041641,0.496793721,38.21884195
55800,1393.204812,0.335115023,0.497087805,38.27948177
55900,1395.604009,0.335185072,0.497356693,38.34744072
56000,1398.503923,0.335258291,0.497621669,38.42233433
56100,1400.173708,0.33532404,0.498111609,38.45188898
56200,1402.893136,0.335404553,0.498375579,38.55210886
56300,1412.175033,0.335471247,0.498638678,38.59227562
56400,1415.806443,0.335558752,0.498906289,38.61761457
56500,1418.384689,0.335627143,0.503702261,38.6442062
56600,1421.15202,0.335699423,0.504278047,38.67681145
56700,1424.2587,0.335771517,0.504684564,38.74584144
56800,1427.411741,0.335841752,0.55055413,38.79752022
56900,1429.861302,0.339805638,0.550700325,38.87015241
57000,1432.393408,0.348697143,0.552993674,38.90542701
57100,1435.1729,0.348909273,0.553150574,38.98100049
57200,1437.882827,0.348986623,0.553286611,39.0502781
57300,1440.997018,0.349048383,0.553420812,39.09899414
57400,1444.067248,0.349123857,0.553556378,39.15349918
57500,1446.435011,0.34953829,0.553689835,39.17776222
57600,1451.493784,0.34961759,0.553817679,39.22173031
57700,1457.434016,0.34968357,0.554376232,39.32638558
57800,1462.194995,0.34975585,0.554533258,39.3831042
57900,1464.214025,0.349824054,0.554682271,39.48722876
58000,1466.629952,0.349900721,0.554810605,39.53134023
58100,1470.066697,0.349970694,0.554943639,39.57742626
58200,1475.642215,0.350049903,0.555064199,39.61302451
58300,1487.760507,0.350360241,0.555304114,39.67471621
58400,1497.303912,0.350468443,0.555760039,39.7119134
58500,1506.652909,0.350544516,0.555906998,39.75946885
58600,1514.797906,0.351482715,0.556037324,39.79564799
58700,1521.221154,0.354161661,0.556183123,39.816995
58800,1525.83825,0.355759173,0.556316309,39.84228779
58900,1529.988389,0.356087064,0.556442369,39.88051258
59000,1533.110436,0.356423217,0.556576949,39.95115372
59100,1537.225168,0.35675112,0.556710687,40.0170353
59200,1542.149871,0.357478243,0.556845551,40.06757208
59300,1545.709308,0.357892461,0.55698649,40.08925529
59400,1548.389001,0.358226838,0.557354571,40.13807953
59500,1552.451368,0.358868414,0.557508957,40.18253037
59600,1555.131568,0.359761178,0.557650323,40.22752534
59700,1558.881779,0.35997475,0.55779218,40.27771726
59800,1561.319568,0.362273877,0.55792337,40.30939161
59900,1563.355838,0.362506634,0.558050283,40.39813089
60000,1565.570586,0.362752516,0.558182331,40.4280779
60100,1567.684731,0.362957018,0.558316494,40.50552941
60200,1569.581457,0.363313276,0.558451909,40.54953027
60300,1571.797709,0.363555514,0.558582489,40.5952936
60400,1574.283255,0.363764211,0.558756331,40.6605263
60500,1576.760596,0.364002698,0.558904011,40.68725102
60600,1579.06058,0.364221167,0.559293401,40.76356128
60700,1581.329547,0.364419458,0.559566078,40.80631161
60800,1583.454777,0.364630361,0.559836651,40.83257363
60900,1585.285687,0.364854153,0.560091838,40.88118818
61000,1587.50374,0.365107593,0.560352415,40.91152258
61100,1589.845575,0.365670672,0.560602967,40.93227833
61200,1594.072418,0.365900341,0.560929232,41.00613342
61300,1596.942037,0.366089655,0.561193318,41.05477897
61400,1600.333317,0.366274772,0.561453151,41.14487237
61500,1604.363546,0.366473606,0.562428231,41.16864978
61600,1606.664086,0.366701444,0.562872333,41.19458587
61700,1609.418773,0.366876606,0.563122088,41.22818581
61800,1611.531158,0.367086683,0.563386214,41.25880629
61900,1613.687351,0.367276606,0.563816197,41.34771362
62000,1615.587353,0.367751406,0.564439811,41.46583914
62100,1618.226916,0.368004567,0.565064427,41.49579952
62200,1620.33442,0.368273955,0.565321648,41.52170629
62300,1622.806682,0.368497353,0.565552427,41.54840798
62400,1625.093174,0.368735083,0.56777148,41.64282177
62500,1627.741765,0.368956516,0.568063812,41.69774562
62600,1630.206663,0.369554817,0.568336193,41.73307729
62700,1632.447402,0.369875166,0.568570293,41.7847802
62800,1636.346761,0.37007072,0.568941018,41.83548192
62900,1638.925576,0.382100385,0.569190019,41.86452222
63000,1641.738942,0.382634372,0.569443323,41.89667122
63100,1645.639346,0.390383123,0.571301358,41.95324606
63200,1649.543474,0.390875051,0.571583923,42.02094192
63300,1652.570964,0.396477982,0.571840214,42.04231597
63400,1654.839172,0.396652778,0.572007854,42.06469028
63500,1656.725878,0.396830135,0.572146719,42.0844387
63600,1658.879079,0.397012483,0.572323931,42.1066534
63700,1661.010435,0.397172821,0.573015788,42.14794809
63800,1663.057418,0.397344581,0.574204994,42.20399942
63900,1665.047268,0.397503335,0.574488393,42.23845841
64000,1666.741358,0.39776111,0.57480095,42.26427564
64100,1668.609148,0.397933685,0.575572272,42.29682501
64200,1670.612945,0.398231437,0.57588139,42.33241767
64300,1672.428398,0.398430804,0.576303355,42.36245826
64400,1674.143624,0.398675447,0.576677202,42.40140218
64500,1675.880887,0.398845573,0.576948473,42.44352885
64600,1677.849508,0.399014992,0.577231874,42.47041732
64700,1679.876608,0.399202603,0.577488068,42.55298097
64800,1683.204003,0.399393093,0.578050387,42.5968417
64900,1687.501472,0.399609292,0.578363845,42.62019865
65000,1691.643018,0.399810751,0.578633787,42.64185289
65100,1695.230473,0.402710244,0.578917171,42.67184648
65200,1697.490746,0.402913138,0.579177532,42.74863179
65300,1700.066594,0.403102122,0.57943659,42.77498554
65400,1702.5939,0.404763173,0.579715159,42.79976098
65500,1704.994189,0.406965647,0.580019158,42.82391702
65600,1706.855937,0.407664158,0.580289598,42.84907032
65700,1709.17004,0.40828196,0.580581707,42.89778034
65800,1711.717376,0.408616311,0.580831211,42.93636306
65900,1713.962034,0.409921702,0.581105402,43.00308794
66000,1716.322973,0.410161586,0.698704705,43.03538307
66100,1718.61386,0.410352143,0.700219074,43.07753209
66200,1721.183582,0.410577157,0.700924459,43.11390319
66300,1724.682544,0.410872721,0.70120215,43.1547463
66400,1726.908641,0.411076142,0.701483855,43.18371809
66500,1729.10738,0.411297423,0.701763292,43.20995867
66600,1731.328187,0.411504077,0.702056914,43.26790196
66700,1733.339266,0.411702731,0.703095609,43.33888887
66800,1735.147292,0.411952115,0.703395878,43.44077772
66900,1737.075548,0.412140326,0.703809337,43.48714862
67000,1738.891017,0.41232923,0.704704002,43.53607666
67100,1740.898382,0.412503318,0.705123381,43.65566244
67200,1742.703061,0.412679838,0.706510039,43.69853619
67300,1744.410297,0.412847293,0.707072995,43.77449437
67400,1747.262471,0.413082284,0.707524723,43.80519505
67500,1751.014305,0.413298063,0.708087214,43.83597226
67600,1754.087883,0.413487261,0.71055623,43.90384289
67700,1756.939196,0.413675206,0.711484608,43.95692719
67800,1760.225194,0.413862692,0.712258484,43.99905454
67900,1763.183979,0.41404777,0.713044042,44.02711296
68000,1765.727268,0.414281478,0.713601977,44.05659142
68100,1767.293627,0.414506274,0.714223433,44.07951569
68200,1769.346213,0.414708366,0.7147308,44.13389206
68300,1771.348436,0.414900652,0.715629227,44.16862689
68400,1773.624129,0.415103083,0.71596056,44.20824894
68500,1775.797194,0.415257501,0.716647549,44.25210657
68600,1777.619027,0.415481578,0.717821648,44.29967283
68700,1779.869014,0.415691395,0.718392274,44.36199444
68800,1782.086533,0.415891543,0.718947103,44.41047833
68900,1784.219626,0.416088002,0.719462775,44.4768758
69000,1786.00592,0.4162854,0.71998851,44.51362149
69100,1787.816701,0.416486863,0.720595663,44.61255379
69200,1789.843902,0.416781332,0.74763384,44.66322338
69300,1791.759206,0.416984476,0.74831335,44.70018141
69400,1793.475903,0.41719468,0.752945322,44.7461504
69500,1795.298433,0.417509754,0.75322921,44.7720366
69600,1797.218973,0.417867137,0.753476879,44.81283998
69700,1799.137042,0.418324316,0.753969459,44.89009548
69800,1801.191104,0.418581471,0.754659015,44.92254971
69900,1802.938346,0.418804087,0.78452504,44.99826567
70000,1804.631603,0.419000143,0.785201721,45.02834231
70100,1806.456336,0.419202541,0.786382146,45.07270574
70200,1810.922307,0.419424752,0.78758287,45.13597797
70300,1814.623507,0.4196192,0.788550829,45.21626845
70400,1817.352694,0.419851613,0.790238749,45.29613021
70500,1819.684702,0.420055522,0.790949775,45.37788282
70600,1821.753207,0.420265463,0.79176507,45.41744688
70700,1824.549979,0.420482641,0.792545998,45.44424198
70800,1826.389597,0.420698697,0.79337626,45.49145129
70900,1828.512796,0.420891536,0.799918994,45.53844773
71000,1831.449237,0.421133976,0.800569936,45.5688094
71100,1833.935604,0.421346791,0.80093179,45.65372519
71200,1836.466203,0.421539416,0.801761148,45.69660997
71300,1838.867604,0.421731575,0.802647131,45.72287213
71400,1841.160212,0.42191277,0.802926258,45.7490487
71500,1843.695575,0.422112792,0.803180356,45.7796104
71600,1846.385581,0.422304182,0.803452804,45.82431743
71700,1848.308303,0.423277431,0.803694619,45.87327373
71800,1850.457989,0.423675978,0.805498885,45.91658844
71900,1852.331593,0.424388368,0.805859298,46.10084086
72000,1854.143647,0.424594111,0.806120839,46.12621982
72100,1855.906182,0.42475441,0.806439852,46.17263912
72200,1858.599926,0.424928642,0.806727989,46.19887722
72300,1862.41988,0.428595884,0.807031989,46.23821172
72400,1866.244569,0.428819404,0.807315498,46.31723806
72500,1868.384526,0.429384781,0.807610044,46.38710238
72600,1870.266345,0.429615293,0.807878353,46.4467009
72700,1873.010688,0.429803641,0.808517119,46.51326797
72800,1875.102504,0.430063806,0.809294236,46.54384277
72900,1877.334868,0.445282955,0.809634798,46.58368395
73000,1879.325857,0.445510125,0.810082738,46.65236447
73100,1881.288079,0.445713758,0.810365923,46.71871922
73200,1883.093538,0.445920292,0.810631154,46.75340242
73300,1884.904799,0.446113952,0.810929719,46.78982048
73400,1886.510075,0.446303808,0.811366405,46.83223767
73500,1888.109454,0.446551921,0.811632878,46.88125378
73600,1889.931316,0.446758593,0.811937362,46.94748816
73700,1891.683158,0.446952197,0.812228676,47.00295414
73800,1893.278626,0.447143771,0.812506546,47.04143475
73900,1895.131768,0.447355174,0.812783095,47.08386436
74000,1896.703134,0.44755263,0.813071195,47.12582774
74100,1898.544436,0.447780857,0.813339595,47.19346413
74200,1900.469387,0.448007254,0.813675619,47.25847411
74300,1902.836434,0.44818003,0.813953475,47.30371514
74400,1904.788412,0.448350978,0.81419568,47.34376798
74500,1906.338783,0.448532712,0.814429409,47.41451724
74600,1907.928489,0.448703292,0.814676169,47.4528858
74700,1909.5587,0.448909883,0.814934634,47.50321536
74800,1911.179855,0.449113636,0.815168598,47.53560008
74900,1912.89825,0.449286842,0.815434499,47.58227519
75000,1915.094736,0.449513941,0.815699773,47.62464374
75100,1917.307448,0.449741601,0.815938949,47.66728117
75200,1919.854556,0.449944838,0.816163592,47.69708182
75300,1922.045595,0.451340997,0.816418516,47.72383242
75400,1923.880634,0.451572898,0.822644091,47.77230805
75500,1925.789144,0.451787526,0.823682958,47.82310304
75600,1927.839558,0.45193489,0.827121818,47.90741316
75700,1929.895619,0.452449578,0.832316332,47.94098717
75800,1931.49857,0.452671034,0.832584275,47.99713877
75900,1933.298086,0.452910956,0.832826533,48.02620653
76000,1935.034417,0.453133437,0.833089533,48.05276549
76100,1936.705706,0.453309574,0.833364235,48.07335446
76200,1938.422269,0.453475478,0.833607752,48.13201307
76300,1940.06522,0.453691685,0.834005549,48.1673606
76400,1941.861753,0.453836847,0.839912873,48.20381055
76500,1943.653355,0.454009613,0.845446493,48.24693338
76600,1945.353824,0.454165336,0.845743478,48.2716842
76700,1946.847545,0.454313567,0.846027883,48.30241681
76800,1948.444075,0.454489856,0.846277256,48.32811174
76900,1950.135037,0.454710656,0.846526431,48.36241171
77000,1951.763657,0.454893581,0.846771718,48.42814882
77100,1953.512646,0.455131682,0.854181033,48.46605678
77200,1955.757761,0.455316282,0.857989351,48.51367763
77300,1958.326055,0.455529931,0.858273282,48.53948814
77400,1960.677976,0.458040402,0.858543788,48.57450467
77500,1962.794392,0.458278163,0.889370689,48.6491035
77600,1964.792561,0.45848017,0.889646899,48.67458958
77700,1966.530569,0.458744143,0.94925519,48.71440318
77800,1968.489154,0.458957688,0.949719776,48.74007426
77900,1970.433448,0.459173037,0.95057617,48.8062292
78000,1972.538497,0.459383091,0.950862479,48.90298554
78100,1975.51667,0.459575031,0.951762648,48.93744814
78200,1978.741218,0.459764443,0.95229367,48.97004706
78300,1981.769323,0.459958168,0.952561506,49.00844858
78400,1985.660883,0.460202033,0.953016534,49.08636417
78500,1989.113754,0.460720724,0.953634374,49.12131731
78600,1992.010524,0.461162678,0.954071828,49.15537517
78700,1994.484004,0.461577223,0.954436479,49.19098982
78800,1996.745224,0.463968971,0.95565995,49.24804609
78900,1998.942115,0.464050117,0.955936139,49.28781147
79000,2001.609742,0.464111115,0.956232415,49.32069708
79100,2004.23291,0.464171175,0.959708421,49.3687543
79200,2006.363751,0.46422864,0.960856896,49.4209027
79300,2008.287154,0.464300356,0.964082688,49.45817236
79400,2010.765587,0.464369776,0.964656242,49.48468677
79500,2012.638819,0.4644368,0.964938518,49.53421214
79600,2014.946923,0.46451033,0.96521699,49.65679049
79700,2017.059248,0.464568166,0.965558283,49.68824752
79800,2019.228778,0.464623338,0.965837196,49.72246881
79900,2021.607853,0.464675952,0.966212598,49.75043417
80000,2023.644596,0.464728646,0.966486668,49.77118656
80100,2025.763778,0.464782442,0.966763334,49.85107054
80200,2027.444449,0.46483985,0.96703532,49.91829459
80300,2029.721074,0.464906233,0.967380925,49.98059341
80400,2031.824268,0.46497849,0.968313656,50.00282813
80500,2033.665729,0.465037256,0.968811164,50.03517918
80600,2035.574805,0.465093022,0.969570455,50.07090131
80700,2039.482572,0.465150754,0.982054911,50.09717176
80800,2041.630301,0.465206221,0.982883842,50.12587772
80900,2043.640061,0.465262325,0.983634576,50.15810816
81000,2045.212972,0.465316843,0.984159474,50.23030545
81100,2047.058764,0.465374611,0.984528059,50.29072885
81200,2050.089147,0.46543449,0.985581789,50.43867295
81300,2053.052209,0.465489566,0.986345183,50.46952054
81400,2055.254766,0.465542577,0.98828987,50.54893125
81500,2057.266804,0.465594703,0.989566803,50.58786776
81600,2059.937952,0.465708606,0.990018234,50.67566192
81700,2062.333465,0.466056072,0.990335119,50.75682495
81800,2065.175391,0.466129441,0.990642398,50.82221239
81900,2067.569649,0.466196896,0.990932481,50.8519798
82000,2069.710168,0.466266571,0.993327045,50.90552337
82100,2076.185394,0.466330154,0.993972,50.93036872
82200,2136.609791,0.466395837,0.994882831,50.95206028
82300,2144.165268,0.466525258,0.996168019,50.97447052
82400,2147.330247,0.466593886,0.996521324,51.01402807
82500,2150.631378,0.466660902,0.99683674,51.05151646
82600,2154.185899,0.466728521,0.99724847,51.10073694
82700,2157.171738,0.466792363,0.998813881,51.16497475
82800,2159.600138,0.466856554,0.999610459,51.19617231
82900,2161.929821,0.466918608,1.00016841,51.2333404
83000,2164.941321,0.466985037,1.000778985,51.28130548
83100,2167.077078,0.467046443,1.002296141,51.31040147
83200,2169.061958,0.467107655,1.003566728,51.39088905
83300,2171.055067,0.467169371,1.004160838,51.50132557
83400,2173.12244,0.467231354,1.004441911,51.52997117
83500,2174.917496,0.46729358,1.004723958,51.55149301
83600,2177.083049,0.467359243,1.005197591,51.59418645
83700,2179.218825,0.467419085,1.005838239,51.64201427
83800,2181.699992,0.467501371,1.012501484,51.67139928
83900,2183.870782,0.467567458,1.012825922,51.69414649
84000,2186.795445,0.467634192,1.013121335,51.71318196
84100,2189.187804,0.46770721,1.013638276,51.73633478
84200,2191.109524,0.467777155,1.013922125,51.75844352
84300,2193.409952,0.467846836,1.014237473,51.81756272
84400,2198.083843,0.4679202,1.014501488,51.85349033
84500,2201.055979,0.467987896,1.014755768,51.91449618
84600,2203.032196,0.468053975,1.015855571,51.94744828
84700,2205.478849,0.468121325,1.017637622,52.00835974
84800,2208.023938,0.46818842,1.019086015,52.0562789
84900,2210.477465,0.46829648,1.021572131,52.09704147
85000,2212.538797,0.468375032,1.022028251,52.11941225
85100,2214.353372,0.468519173,1.022579242,52.20123316
85200,2216.113666,0.468731393,1.022866738,52.31640948
85300,2217.79906,0.468798141,1.023136708,52.36717244
85400,2219.853424,0.468865434,1.023397844,52.39305941
85500,2222.013144,0.468933735,1.023692604,52.42174469
85600,2223.892853,0.469000448,1.026850553,52.45415083
85700,2225.933624,0.469071244,1.027607808,52.50482728
85800,2227.7321,0.469145683,1.02894555,52.56667901
85900,2229.579024,0.469219922,1.02932297,52.59896786
86000,2231.540647,0.470200205,1.031193869,52.62703355
86100,2233.718308,0.470312517,1.036800212,52.66140968
86200,2235.527986,0.470391674,1.037104891,52.69911889
86300,2237.30244,0.470469498,1.037669605,52.72487218
86400,2239.168944,0.470550286,1.03793928,52.74767246
86500,2241.130738,0.470620151,1.039078156,52.76840628
86600,2244.090571,0.470697972,1.040497209,52.83520861
86700,2250.432729,0.470806258,1.040807601,52.87649982
86800,2257.401291,0.470876885,1.041098324,52.90114963
86900,2262.068884,0.47094864,1.041382996,52.92223233
87000,2265.388648,0.471015594,1.041680659,52.96985059
87100,2269.280674,0.471081581,1.041949275,53.00693013
87200,2272.002224,0.471144128,1.042222796,53.0370736
87300,2274.548995,0.471210036,1.04502177,53.06027101
87400,2276.785925,0.471270285,1.045364998,53.09290748
87500,2280.075021,0.471341481,1.045654296,53.11734128
87600,2285.763277,0.471406113,1.045938411,53.14544978
87700,2288.717513,0.471470038,1.046404444,53.1759353
87800,2292.935871,0.47154144,1.047370718,53.2078005
87900,2299.115073,0.471610511,1.04771317,53.23916648
88000,2306.506827,0.471679817,1.047977313,53.26241273
88100,2313.639286,0.471747271,1.048684834,53.28792892
88200,2316.862662,0.471813794,1.048942655,53.32810293
88300,2321.790383,0.471904272,1.049185328,53.35616127
88400,2324.725271,0.471969512,1.110022001,53.38422511
88500,2327.772999,0.472034397,1.110347099,53.41055133
88600,2330.807167,0.472097607,1.111004521,53.44925702
88700,2333.746718,0.472159742,1.111379432,53.48290332
88800,2337.043581,0.472223417,1.111700074,53.51601196
88900,2340.472217,0.472283735,1.111962171,53.54229779
89000,2344.745566,0.472347008,1.112239644,53.56703411
89100,2347.392333,0.472413871,1.11248203,53.61784422
89200,2351.048083,0.472480714,1.112726506,53.65351597
89300,2355.451265,0.472542797,1.112984512,53.68995243
89400,2360.535377,0.472608752,1.113215798,53.72258216
89500,2365.108016,0.472669487,1.113478935,53.76961516
89600,2369.326358,0.472734118,1.116447989,53.80322721
89700,2373.034766,0.472798761,1.116724015,53.85024034
89800,2376.544021,0.4728619,1.117025882,53.88391205
89900,2380.532117,0.472922205,1.11726094,53.91067893
90000,2384.063321,0.472981993,1.117497316,53.9422494
90100,2386.440594,0.473042561,1.117726918,53.9762674
90200,2388.758492,0.473098482,1.117961731,54.0300588
90300,2390.874445,0.47316024,1.118191679,54.05468969
90400,2392.984838,0.47323112,1.118442226,54.11133886
90500,2395.835891,0.47329162,1.118690219,54.23213314
90600,2401.090777,0.473355317,1.118921869,54.28541596
90700,2406.361476,0.473417802,1.119153371,54.31718365
90800,2409.235372,0.473482956,1.119387676,54.3399732
90900,2412.155461,0.473543645,1.119613091,54.36864465
91000,2415.275865,0.47360566,1.167048474,54.42043227
91100,2420.300801,0.473669722,1.168750198,54.49451376
91200,2425.939718,0.473735494,1.169602494,54.54128785
91300,2435.180466,0.47384666,1.170533168,54.58053432
91400,2444.87861,0.473910455,1.171140428,54.61284289
91500,2449.537008,0.473974167,1.171600965,54.65374322
91600,2453.197461,0.474047571,1.181764481,54.67450976
91700,2458.042228,0.474112285,1.188855934,54.70412533
91800,2461.018777,0.474172648,1.189505824,54.75131035
91900,2463.373941,0.474238643,1.19004518,54.77499036
92000,2469.946297,0.474303558,1.190564776,54.8010853
92100,2478.928005,0.474367243,1.191166465,54.8534359
92200,2489.268353,0.474430552,1.191738158,54.88299442
92300,2496.70579,0.474492653,1.192097923,54.91113886
92400,2503.060961,0.474560871,1.214996258,54.96176658
92500,2508.939549,0.474624878,1.236461646,54.98607615
92600,2511.758794,0.47468899,1.290047522,55.00931556
92700,2515.940206,0.474751882,1.290344839,55.02865338
92800,2520.573663,0.474813881,1.290853915,55.0583379
92900,2523.213787,0.477056435,1.292082955,55.0853383
93000,2525.461101,0.47715559,1.292607143,55.10717918
93100,2527.500808,0.477222532,1.293096909,55.13675792
93200,2530.025533,0.477282754,1.293639804,55.17500538
93300,2532.592776,0.477356327,1.294125739,55.20971889
93400,2535.013966,0.477415122,1.294612566,55.24115415
93500,2537.145559,0.477789458,1.295237148,55.27279624
93600,2539.535666,0.477864003,1.295633299,55.29879553
93700,2542.210329,0.477924974,1.295894512,55.32301722
93800,2544.778957,0.477986812,1.299901975,55.34322325
93900,2547.990986,0.478046008,1.300259169,55.38130965
94000,2550.782349,0.478109325,1.300512568,55.41017578
94100,2553.424857,0.480771275,1.300870255,55.4605477
94200,2557.255582,0.488114331,1.301139428,55.49035692
94300,2560.40855,0.490443263,1.301430762,55.51252162
94400,2563.37295,0.490730815,1.301815052,55.54722944
94500,2565.933547,0.501521071,1.302059229,55.59552428
94600,2567.997847,0.502090587,1.302357339,55.64448009
94700,2570.943182,0.502563021,1.302603298,55.66228558
94800,2572.937947,0.503013172,1.302861165,55.68110026
94900,2575.1928,0.503346837,1.30310974,55.70320633
95000,2578.275382,0.503744351,1.303364272,55.7193662
95100,2580.680048,0.509511617,1.303638049,55.73640121
95200,2582.863781,0.509837293,1.303895919,55.79189722
95300,2585.152801,0.519324132,1.304149563,55.82494323
95400,2587.253829,0.522383071,1.304547589,55.85504688
95500,2589.424213,0.522584233,1.304793433,55.89946086
95600,2591.500814,0.52277933,1.305042139,55.92072696
95700,2594.360564,0.522996065,1.30530597,55.94683666
95800,2596.879604,0.523232432,1.306806986,55.96815861
95900,2599.041119,0.523466585,1.307072153,56.00588921
96000,2604.829768,0.523697953,1.307340873,56.03985249
96100,2611.954848,0.52391582,1.307629852,56.07641327
96200,2616.898855,0.52413921,1.307886859,56.10153942
96300,2621.443114,0.52435121,1.308148759,56.13781497
96400,2626.901016,0.524557312,1.308462755,56.15875855
96500,2630.316471,0.524773892,1.30874056,56.1909217
96600,2632.797533,0.524970891,1.308996233,56.22773701
96700,2635.308703,0.525170642,1.309275514,56.25724403
96800,2637.783944,0.525363194,1.312279193,56.3123804
96900,2640.292862,0.525532032,1.313436733,56.34460568
97000,2642.931997,0.525893735,1.31369242,56.3844904
97100,2645.823636,0.531067738,1.314033232,56.43013024
97200,2648.378804,0.533916781,1.314317951,56.48557537
97300,2651.143283,0.560560751,1.314606395,56.51219322
97400,2653.193718,0.560858582,1.314949786,56.53540089
97500,2656.871942,0.56106676,1.315241165,56.56337868
97600,2660.025227,0.561245278,1.315527432,56.6041403
97700,2662.704833,0.563634641,1.316859948,56.6317172
97800,2666.235143,0.565307212,1.317121334,56.65669912
97900,2669.968124,0.565620207,1.317391353,56.68058196
98000,2675.175083,0.565923611,1.317692236,56.71736766
98100,2680.715069,0.566219783,1.318651004,56.77156464
98200,2684.597446,0.566494386,1.318923986,56.79841525
98300,2693.00156,0.566800364,1.319231638,56.82147734
98400,2699.614004,0.567147245,1.320199996,56.84089903
98500,2704.008525,0.667752796,1.320626656,56.86443222
98600,2706.397712,0.667860721,1.32106219,56.91235409
98700,2708.934028,0.676559648,1.321546699,56.95236067
98800,2711.179571,0.676653117,1.322175338,56.98027373
98900,2713.818109,0.676723316,1.322457655,57.02974528
99000,2715.711363,0.676787894,1.327695094,57.05489996
99100,2717.590017,0.676852204,1.332898966,57.07587761
99200,2719.998424,0.676963491,1.333199826,57.09987638
99300,2723.078337,0.67702446,1.333934295,57.12719866
99400,2725.831411,0.677088048,1.33419456,57.16985518
99500,2728.919946,0.677155805,1.33444943,57.19476533
99600,2731.260895,0.677232768,1.334694614,57.21954284
99700,2735.274378,0.677308837,1.334937932,57.24465851
99800,2741.990725,0.677391847,1.335203778,57.27278685
99900,2752.614363,0.677464861,1.335489228,57.29837956