opt.SimulatedAnnealing@511d50c0 iteration number, training time, fitness,
0,1.199260246,32.0
100,1.199635743,47.0
200,1.199768966,53.0
300,1.199916736,65.0
400,1.200038455,68.0
500,1.200168225,70.0
600,1.200322219,72.0
700,1.200457805,76.0
800,1.200587445,76.0
900,1.200715601,76.0
1000,1.200869147,76.0
1100,1.200948101,76.0
1200,1.201025067,76.0
1300,1.201105604,76.0
1400,1.201180543,76.0
1500,1.201269677,76.0
1600,1.201355745,76.0
1700,1.201432326,76.0
1800,1.201508297,76.0
1900,1.201583221,76.0
2000,1.201653381,76.0
2100,1.201722379,76.0
2200,1.201804821,76.0
2300,1.201901567,76.0
2400,1.20198413,76.0
2500,1.202049947,76.0
2600,1.20211274,76.0
2700,1.202178559,76.0
2800,1.202241249,76.0
2900,1.202304977,76.0
3000,1.202377171,78.0
3100,1.202478945,78.0
3200,1.202576999,78.0
3300,1.203190216,78.0
3400,1.20330733,78.0
3500,1.203395936,78.0
3600,1.203475066,78.0
3700,1.203553347,78.0
3800,1.20362703,78.0
3900,1.203702865,78.0
4000,1.203781999,78.0
4100,1.203856065,78.0
4200,1.203931505,78.0
4300,1.204006136,78.0
4400,1.204086308,78.0
4500,1.204171455,78.0
4600,1.204248089,78.0
4700,1.20432752,78.0
4800,1.204402103,78.0
4900,1.204500079,78.0
5000,1.204575646,78.0
5100,1.204646685,78.0
5200,1.204716757,78.0
5300,1.204790203,78.0
5400,1.20486312,78.0
5500,1.204945139,78.0
5600,1.205017536,78.0
5700,1.205094771,78.0
5800,1.205167651,78.0
5900,1.20524633,78.0
6000,1.205316334,78.0
6100,1.205391935,78.0
6200,1.205471771,78.0
6300,1.205547746,78.0
6400,1.20562157,78.0
6500,1.205738129,78.0
6600,1.205812681,78.0
6700,1.205892449,78.0
6800,1.205973465,78.0
6900,1.206064054,78.0
7000,1.206147258,78.0
7100,1.206229965,78.0
7200,1.206319398,78.0
7300,1.206436568,78.0
7400,1.206519565,78.0
7500,1.206607068,78.0
7600,1.206687719,78.0
7700,1.206760088,78.0
7800,1.206839859,78.0
7900,1.20692197,78.0
8000,1.207004171,79.0
8100,1.207086787,79.0
8200,1.207174917,79.0
8300,1.207263691,79.0
8400,1.207335946,79.0
8500,1.207409068,79.0
8600,1.207487379,79.0
8700,1.207556028,79.0
8800,1.207640369,79.0
8900,1.207712854,79.0
9000,1.207776021,79.0
9100,1.228393379,79.0
9200,1.22851554,79.0
9300,1.228651627,79.0
9400,1.228734887,79.0
9500,1.228817883,79.0
9600,1.228906523,79.0
9700,1.229019734,79.0
9800,1.229164013,79.0
9900,1.229528134,79.0
10000,1.229621251,79.0
10100,1.229704345,79.0
10200,1.229782509,79.0
10300,1.229856735,79.0
10400,1.229931557,79.0
10500,1.230013146,79.0
10600,1.230096689,79.0
10700,1.230184628,79.0
10800,1.230268863,79.0
10900,1.230362257,79.0
11000,1.230442208,79.0
11100,1.23051614,79.0
11200,1.230603964,79.0
11300,1.230737859,79.0
11400,1.230880948,79.0
11500,1.231155878,79.0
11600,1.231245221,79.0
11700,1.231319345,79.0
11800,1.231394081,79.0
11900,1.231484567,79.0
12000,1.231561098,79.0
12100,1.2316489,79.0
12200,1.231829027,79.0
12300,1.231952245,79.0
12400,1.232080281,79.0
12500,1.232159019,79.0
12600,1.232241845,79.0
12700,1.232325983,79.0
12800,1.232397885,79.0
12900,1.232471129,79.0
13000,1.232544158,79.0
13100,1.232615245,79.0
13200,1.23268829,79.0
13300,1.232747347,79.0
13400,1.232803896,79.0
13500,1.232865489,79.0
13600,1.232937439,79.0
13700,1.233009897,79.0
13800,1.233081855,79.0
13900,1.2331544,79.0
14000,1.233263038,79.0
14100,1.23337618,79.0
14200,1.233591845,79.0
14300,1.233709908,79.0
14400,1.256668089,79.0
14500,1.256821848,79.0
14600,1.25692308,79.0
14700,1.257040604,79.0
14800,1.257143477,79.0
14900,1.257259941,79.0
15000,1.257379375,79.0
15100,1.257495357,79.0
15200,1.257599523,79.0
15300,1.257705758,79.0
15400,1.257816441,79.0
15500,1.257928336,79.0
15600,1.25803195,79.0
15700,1.258134877,79.0
15800,1.258242969,79.0
15900,1.258352361,79.0
16000,1.2584736,79.0
16100,1.258585384,79.0
16200,1.258704717,79.0
16300,1.260303959,79.0
16400,1.265717233,79.0
16500,1.267169225,79.0
16600,1.267300834,79.0
16700,1.267428513,79.0
16800,1.267550233,79.0
16900,1.267886668,79.0
17000,1.268016205,79.0
17100,1.268140057,79.0
17200,1.289526827,79.0
17300,1.289829467,79.0
17400,1.292234131,79.0
17500,1.292505094,79.0
17600,1.292770641,79.0
17700,1.293191746,79.0
17800,1.293326399,79.0
17900,1.293455377,79.0
18000,1.293567677,79.0
18100,1.293683385,79.0
18200,1.293804959,79.0
18300,1.293927174,79.0
18400,1.294042043,79.0
18500,1.29416386,79.0
18600,1.294281843,79.0
18700,1.29439147,79.0
18800,1.294506783,79.0
18900,1.29461682,79.0
19000,1.294723221,79.0
19100,1.294830093,79.0
19200,1.294953098,79.0
19300,1.295065133,79.0
19400,1.295173651,79.0
19500,1.295289364,79.0
19600,1.295396053,79.0
19700,1.295507883,79.0
19800,1.295633496,79.0
19900,1.295751174,79.0
20000,1.295868848,79.0
20100,1.295989856,79.0
20200,1.296097921,79.0
20300,1.296204068,79.0
20400,1.296326208,79.0
20500,1.296443094,79.0
20600,1.29655791,79.0
20700,1.296674357,79.0
20800,1.296792783,79.0
20900,1.296927606,79.0
21000,1.297040038,79.0
21100,1.297161764,79.0
21200,1.297282197,79.0
21300,1.297395337,79.0
21400,1.297515184,79.0
21500,1.297629501,79.0
21600,1.297739326,79.0
21700,1.297856441,79.0
21800,1.297958574,79.0
21900,1.298072347,79.0
22000,1.298188494,79.0
22100,1.30049881,79.0
22200,1.300620026,79.0
22300,1.300733251,79.0
22400,1.300848827,79.0
22500,1.300953829,79.0
22600,1.301064291,79.0
22700,1.301170483,79.0
22800,1.3012835,79.0
22900,1.301385373,79.0
23000,1.30148471,79.0
23100,1.301699081,79.0
23200,1.301840083,79.0
23300,1.301953935,79.0
23400,1.302068926,79.0
23500,1.302186168,79.0
23600,1.302296606,79.0
23700,1.302411816,79.0
23800,1.302526141,79.0
23900,1.302644101,79.0
24000,1.304211023,79.0
24100,1.305867666,79.0
24200,1.306132217,79.0
24300,1.306475495,79.0
24400,1.306858394,79.0
24500,1.307148985,79.0
24600,1.307406779,79.0
24700,1.307612358,79.0
24800,1.314290681,79.0
24900,1.314688687,79.0
25000,1.320064587,79.0
25100,1.320203785,79.0
25200,1.32252933,79.0
25300,1.322854348,79.0
25400,1.32403151,79.0
25500,1.32417471,79.0
25600,1.324310094,79.0
25700,1.32442154,79.0
25800,1.324540897,79.0
25900,1.324642419,79.0
26000,1.324753307,79.0
26100,1.324869694,79.0
26200,1.324979549,79.0
26300,1.325095059,79.0
26400,1.325212879,79.0
26500,1.325327691,79.0
26600,1.325446417,79.0
26700,1.325565663,79.0
26800,1.32668068,79.0
26900,1.326891409,79.0
27000,1.329854407,79.0
27100,1.330193946,79.0
27200,1.330470519,79.0
27300,1.330730925,79.0
27400,1.331401307,79.0
27500,1.331620817,79.0
27600,1.331861351,79.0
27700,1.33287787,79.0
27800,1.333022933,79.0
27900,1.333138109,79.0
28000,1.333252099,79.0
28100,1.333362736,79.0
28200,1.33347531,79.0
28300,1.333590578,79.0
28400,1.333708414,79.0
28500,1.333828221,79.0
28600,1.333953209,79.0
28700,1.334067655,79.0
28800,1.334179411,79.0
28900,1.334306727,79.0
29000,1.334421543,79.0
29100,1.334548161,79.0
29200,1.334666654,79.0
29300,1.334788484,79.0
29400,1.335072925,79.0
29500,1.335211688,79.0
29600,1.406866044,79.0
29700,1.40725197,79.0
29800,1.407939251,79.0
29900,1.416193935,79.0
30000,1.418935677,79.0
30100,1.420148487,79.0
30200,1.420556281,79.0
30300,1.420702897,79.0
30400,1.420817246,79.0
30500,1.420953179,79.0
30600,1.421065001,79.0
30700,1.421187179,79.0
30800,1.421346007,79.0
30900,1.421458197,79.0
31000,1.421580709,79.0
31100,1.421687779,79.0
31200,1.421801168,79.0
31300,1.421909088,79.0
31400,1.422052827,79.0
31500,1.42306467,79.0
31600,1.423205855,79.0
31700,1.423312885,79.0
31800,1.423419885,79.0
31900,1.423533969,79.0
32000,1.423654367,79.0
32100,1.423774825,79.0
32200,1.423877286,79.0
32300,1.423991343,79.0
32400,1.424098918,79.0
32500,1.424214201,79.0
32600,1.424326784,79.0
32700,1.424445106,79.0
32800,1.424551101,79.0
32900,1.424651813,79.0
33000,1.424758367,79.0
33100,1.424871087,79.0
33200,1.424980065,79.0
33300,1.425090304,79.0
33400,1.425198644,79.0
33500,1.425303291,79.0
33600,1.425418655,79.0
33700,1.425519096,79.0
33800,1.425619043,79.0
33900,1.425729187,79.0
34000,1.42584136,79.0
34100,1.425949641,79.0
34200,1.426074504,79.0
34300,1.42618113,79.0
34400,1.426283748,79.0
34500,1.426377381,79.0
34600,1.426471217,79.0
34700,1.42656894,79.0
34800,1.426672614,79.0
34900,1.426790846,79.0
35000,1.42778637,79.0
35100,1.427917879,79.0
35200,1.428033367,79.0
35300,1.428141657,79.0
35400,1.428248885,79.0
35500,1.42836667,79.0
35600,1.428465891,79.0
35700,1.428572507,79.0
35800,1.428677684,79.0
35900,1.428802944,79.0
36000,1.428901693,79.0
36100,1.429009399,79.0
36200,1.42912655,79.0
36300,1.42923842,79.0
36400,1.429352526,79.0
36500,1.429470365,79.0
36600,1.429609357,79.0
36700,1.429727541,79.0
36800,1.429844215,79.0
36900,1.42995584,79.0
37000,1.430074566,79.0
37100,1.430193047,79.0
37200,1.430311605,79.0
37300,1.430417683,79.0
37400,1.430533787,79.0
37500,1.430640184,79.0
37600,1.430754568,79.0
37700,1.515066373,79.0
37800,1.526034969,79.0
37900,1.526255169,79.0
38000,1.526408903,79.0
38100,1.526564241,79.0
38200,1.526707558,79.0
38300,1.526856628,79.0
38400,1.527030899,79.0
38500,1.527186965,79.0
38600,1.527342359,79.0
38700,1.527489173,79.0
38800,1.527629167,79.0
38900,1.527772103,79.0
39000,1.527920085,79.0
39100,1.52806677,79.0
39200,1.528205845,79.0
39300,1.528349387,79.0
39400,1.528487213,79.0
39500,1.528624695,79.0
39600,1.528772779,79.0
39700,1.52891546,79.0
39800,1.529061024,79.0
39900,1.529202613,79.0
40000,1.529341829,79.0
40100,1.530538986,79.0
40200,1.530727009,79.0
40300,1.530880038,79.0
40400,1.531036361,79.0
40500,1.531188135,79.0
40600,1.531339148,79.0
40700,1.531478103,79.0
40800,1.531619244,79.0
40900,1.531774437,79.0
41000,1.53234134,79.0
41100,1.533547527,79.0
41200,1.549828358,79.0
41300,1.552195177,79.0
41400,1.552362334,79.0
41500,1.552502558,79.0
41600,1.55262291,79.0
41700,1.552743828,79.0
41800,1.552855189,79.0
41900,1.552970689,79.0
42000,1.553085677,79.0
42100,1.553198907,79.0
42200,1.553310727,79.0
42300,1.553420866,79.0
42400,1.553536104,79.0
42500,1.553657381,79.0
42600,1.553769566,79.0
42700,1.553880575,79.0
42800,1.553993739,79.0
42900,1.554567543,79.0
43000,1.554771267,79.0
43100,1.554990457,79.0
43200,1.555131705,79.0
43300,1.555316579,79.0
43400,1.555860979,79.0
43500,1.556021665,79.0
43600,1.55642727,79.0
43700,1.558915978,79.0
43800,1.55910057,79.0
43900,1.559261053,79.0
44000,1.55941278,79.0
44100,1.559555736,79.0
44200,1.657691698,79.0
44300,1.657957977,79.0
44400,1.658090543,79.0
44500,1.658201903,79.0
44600,1.658325658,79.0
44700,1.658461894,79.0
44800,1.658607167,79.0
44900,1.6587451,79.0
45000,1.658888729,79.0
45100,1.659028845,79.0
45200,1.659168543,79.0
45300,1.659326817,79.0
45400,1.659474688,79.0
45500,1.659616519,79.0
45600,1.659961864,79.0
45700,1.66030873,79.0
45800,1.660582207,79.0
45900,1.660727783,79.0
46000,1.660864706,79.0
46100,1.661064883,79.0
46200,1.661458371,79.0
46300,1.661770777,79.0
46400,1.662045327,79.0
46500,1.662320698,79.0
46600,1.662559427,79.0
46700,1.662776039,79.0
46800,1.662963306,79.0
46900,1.663148304,79.0
47000,1.663328481,79.0
47100,1.663522828,79.0
47200,1.663721211,79.0
47300,1.663923646,79.0
47400,1.665000371,79.0
47500,1.665407016,79.0
47600,1.665931019,79.0
47700,1.66608823,79.0
47800,1.666234199,79.0
47900,1.666388738,79.0
48000,1.666529994,79.0
48100,1.666684836,79.0
48200,1.666832734,79.0
48300,1.666972801,79.0
48400,1.667111378,79.0
48500,1.667330483,79.0
48600,1.667476239,79.0
48700,1.667620439,79.0
48800,1.667800681,79.0
48900,1.667945657,79.0
49000,1.668084336,79.0
49100,1.66822608,79.0
49200,1.668362448,79.0
49300,1.66849897,79.0
49400,1.668636797,79.0
49500,1.693447961,79.0
49600,1.693738061,79.0
49700,1.693884451,79.0
49800,1.694026059,79.0
49900,1.694503801,79.0
50000,1.694643241,79.0
50100,1.694783788,79.0
50200,1.694920361,79.0
50300,1.695065499,79.0
50400,1.695198137,79.0
50500,1.695337018,79.0
50600,1.6954754,79.0
50700,1.695702043,79.0
50800,1.695842614,79.0
50900,1.695986497,79.0
51000,1.696189437,79.0
51100,1.696337226,79.0
51200,1.696473159,79.0
51300,1.697083974,79.0
51400,1.697237628,79.0
51500,1.697384537,79.0
51600,1.697524935,79.0
51700,1.697677178,79.0
51800,1.697816307,79.0
51900,1.697952095,79.0
52000,1.69808263,79.0
52100,1.698215053,79.0
52200,1.698353927,79.0
52300,1.698504418,79.0
52400,1.698639457,79.0
52500,1.698770347,79.0
52600,1.698897216,79.0
52700,1.69902331,79.0
52800,1.701795141,79.0
52900,1.701961765,79.0
53000,1.702117047,79.0
53100,1.702245389,79.0
53200,1.702372211,79.0
53300,1.702506181,79.0
53400,1.702640065,79.0
53500,1.702769605,79.0
53600,1.702909526,79.0
53700,1.703040643,79.0
53800,1.703184225,79.0
53900,1.703328606,79.0
54000,1.703475379,79.0
54100,1.703988821,79.0
54200,1.704198976,79.0
54300,1.704558121,79.0
54400,1.704823399,79.0
54500,1.705001098,79.0
54600,1.705169095,79.0
54700,1.70534375,79.0
54800,1.705537965,79.0
54900,1.70587308,79.0
55000,1.706120119,79.0
55100,1.706400281,79.0
55200,1.706703544,79.0
55300,1.706968699,79.0
55400,1.707259637,79.0
55500,1.707727663,79.0
55600,1.707946766,79.0
55700,1.708150174,79.0
55800,1.708334078,79.0
55900,1.708527121,79.0
56000,1.708766133,79.0
56100,1.708923173,79.0
56200,1.709067497,79.0
56300,1.709201183,79.0
56400,1.709400377,79.0
56500,1.709543901,79.0
56600,1.709674778,79.0
56700,1.709865919,79.0
56800,1.71012405,79.0
56900,1.710413323,79.0
57000,1.71055745,79.0
57100,1.710682258,79.0
57200,1.710920374,79.0
57300,1.711072328,79.0
57400,1.711212693,79.0
57500,1.711350587,79.0
57600,1.711491521,79.0
57700,1.711724479,79.0
57800,1.711902261,79.0
57900,1.712041107,79.0
58000,1.712176548,79.0
58100,1.712290013,79.0
58200,1.712415095,79.0
58300,1.712550543,79.0
58400,1.712693931,79.0
58500,1.712840288,79.0
58600,1.713076948,79.0
58700,1.713211541,79.0
58800,1.713346087,79.0
58900,1.713544294,79.0
59000,1.71369235,79.0
59100,1.713835477,79.0
59200,1.714074287,79.0
59300,1.714219044,79.0
59400,1.714364387,79.0
59500,1.71455197,79.0
59600,1.714689614,79.0
59700,1.715132783,79.0
59800,1.71554759,79.0
59900,1.715692363,79.0
60000,1.715833159,79.0
60100,1.715968294,79.0
60200,1.716109654,79.0
60300,1.716263285,79.0
60400,1.71640275,79.0
60500,1.716542537,79.0
60600,1.716676933,79.0
60700,1.716826786,79.0
60800,1.717288301,79.0
60900,1.717445885,79.0
61000,1.717568814,79.0
61100,1.717679798,79.0
61200,1.717795607,79.0
61300,1.71790601,79.0
61400,1.718015046,79.0
61500,1.718202597,79.0
61600,1.718322885,79.0
61700,1.718440479,79.0
61800,1.718552224,79.0
61900,1.71865925,79.0
62000,1.718772651,79.0
62100,1.718870744,79.0
62200,1.719293373,79.0
62300,1.719525907,79.0
62400,1.719641365,79.0
62500,1.719758813,79.0
62600,1.719865643,79.0
62700,1.719974781,79.0
62800,1.720076321,79.0
62900,1.720180649,79.0
63000,1.720300829,79.0
63100,1.72052907,79.0
63200,1.720644063,79.0
63300,1.720755677,79.0
63400,1.720870496,79.0
63500,1.720980964,79.0
63600,1.72108782,79.0
63700,1.721197964,79.0
63800,1.721335683,79.0
63900,1.721516295,79.0
64000,1.721679901,79.0
64100,1.722918945,79.0
64200,1.723358481,79.0
64300,1.723586727,79.0
64400,1.723804788,79.0
64500,1.7240485,79.0
64600,1.725004573,79.0
64700,1.725477464,79.0
64800,1.726288404,79.0
64900,1.726448561,79.0
65000,1.726580626,79.0
65100,1.726904456,79.0
65200,1.727203764,79.0
65300,1.729222871,79.0
65400,1.729526907,79.0
65500,1.72978665,79.0
65600,1.729988646,79.0
65700,1.73023844,79.0
65800,1.731655366,79.0
65900,1.731825806,79.0
66000,1.732221845,79.0
66100,1.732418301,79.0
66200,1.732976375,79.0
66300,1.740993597,79.0
66400,1.74127418,79.0
66500,1.741510231,79.0
66600,1.742159763,79.0
66700,1.742704408,79.0
66800,1.743399159,79.0
66900,1.755781619,79.0
67000,1.826816479,79.0
67100,1.827116053,79.0
67200,1.827349238,79.0
67300,1.827623495,79.0
67400,1.827719325,79.0
67500,1.84470043,79.0
67600,1.844826133,79.0
67700,1.844931228,79.0
67800,1.845033441,79.0
67900,1.845144119,79.0
68000,1.845255321,79.0
68100,1.845369459,79.0
68200,1.845478617,79.0
68300,1.84557107,79.0
68400,1.845683285,79.0
68500,1.84578949,79.0
68600,1.845897976,79.0
68700,1.846003119,79.0
68800,1.846132983,79.0
68900,1.84624288,79.0
69000,1.846345764,79.0
69100,1.846451401,79.0
69200,1.846561254,79.0
69300,1.846663054,79.0
69400,1.846752267,79.0
69500,1.846856039,79.0
69600,1.846969278,79.0
69700,1.847064107,79.0
69800,1.847159377,79.0
69900,1.847265257,79.0
70000,1.847359508,79.0
70100,1.847460148,79.0
70200,1.84755763,79.0
70300,1.84766216,79.0
70400,1.84776272,79.0
70500,1.847869693,79.0
70600,1.847963174,79.0
70700,1.848062813,79.0
70800,1.84816092,79.0
70900,1.848343368,79.0
71000,1.849347003,79.0
71100,1.849485067,79.0
71200,1.849583037,79.0
71300,1.849679943,79.0
71400,1.849784098,79.0
71500,1.84987119,79.0
71600,1.849962399,79.0
71700,1.8500594,79.0
71800,1.850158448,79.0
71900,1.850264579,79.0
72000,1.850354739,79.0
72100,1.850457559,79.0
72200,1.850556053,79.0
72300,1.850659358,79.0
72400,1.850755774,79.0
72500,1.85085966,79.0
72600,1.85095428,79.0
72700,1.851049923,79.0
72800,1.851158866,79.0
72900,1.851269779,79.0
73000,1.851384147,79.0
73100,1.851487817,79.0
73200,1.851587957,79.0
73300,1.851688779,79.0
73400,1.851781499,79.0
73500,1.851877359,79.0
73600,1.851979323,79.0
73700,1.860843748,79.0
73800,1.860988733,79.0
73900,1.86110929,79.0
74000,1.861222851,79.0
74100,1.861329477,79.0
74200,1.870584577,79.0
74300,1.870713571,79.0
74400,1.870823188,79.0
74500,1.870934304,79.0
74600,1.871028691,79.0
74700,1.871467567,79.0
74800,1.871622517,79.0
74900,1.879774586,79.0
75000,1.879963584,79.0
75100,1.881826799,79.0
75200,1.881949928,79.0
75300,1.882060664,79.0
75400,1.882162348,79.0
75500,1.882262224,79.0
75600,1.882357971,79.0
75700,1.882469159,79.0
75800,1.882579084,79.0
75900,1.882683021,79.0
76000,1.892759808,79.0
76100,1.89316453,79.0
76200,1.89349667,79.0
76300,1.893648861,79.0
76400,1.893763813,79.0
76500,1.893870416,79.0
76600,1.893966136,79.0
76700,1.896807727,79.0
76800,1.908109659,79.0
76900,1.908245908,79.0
77000,1.908355163,79.0
77100,1.908466971,79.0
77200,1.908567037,79.0
77300,1.908669054,79.0
77400,1.90876543,79.0
77500,1.908854469,79.0
77600,1.908956896,79.0
77700,1.909056683,79.0
77800,1.909169575,79.0
77900,1.909273537,79.0
78000,1.909381965,79.0
78100,1.909488723,79.0
78200,1.90959077,79.0
78300,1.909694197,79.0
78400,1.909802661,79.0
78500,1.909899767,79.0
78600,1.910011603,79.0
78700,1.910216626,79.0
78800,1.910364407,79.0
78900,1.910466628,79.0
79000,1.910564065,79.0
79100,1.910669461,79.0
79200,1.910770043,79.0
79300,1.910863801,79.0
79400,1.910963281,79.0
79500,1.911069645,79.0
79600,1.911184373,79.0
79700,1.911283573,79.0
79800,1.911395301,79.0
79900,1.911502326,79.0
80000,1.911602334,79.0
80100,1.911702208,79.0
80200,1.91180731,79.0
80300,1.911901963,79.0
80400,1.912005066,79.0
80500,1.912126208,79.0
80600,1.912232279,79.0
80700,1.912329379,79.0
80800,1.912654457,79.0
80900,1.912767719,79.0
81000,1.913097998,79.0
81100,1.91320649,79.0
81200,1.913325171,79.0
81300,1.913434243,79.0
81400,1.913542527,79.0
81500,1.913646424,79.0
81600,1.913750949,79.0
81700,1.913858526,79.0
81800,1.914315129,79.0
81900,1.91442593,79.0
82000,1.914801083,79.0
82100,1.914921764,79.0
82200,1.915021924,79.0
82300,1.915147837,79.0
82400,1.915259344,79.0
82500,1.91536943,79.0
82600,1.915472614,79.0
82700,1.915571968,79.0
82800,1.915669615,79.0
82900,1.915787643,79.0
83000,1.916023339,79.0
83100,1.916265813,79.0
83200,1.916503787,79.0
83300,1.916617323,79.0
83400,1.91676001,79.0
83500,1.916958221,79.0
83600,1.918109368,79.0
83700,1.918255727,79.0
83800,1.918385421,79.0
83900,1.918484209,79.0
84000,1.918592985,79.0
84100,1.918696104,79.0
84200,1.918804623,79.0
84300,1.91890478,79.0
84400,1.919004368,79.0
84500,1.919105839,79.0
84600,1.919206336,79.0
84700,1.919306536,79.0
84800,1.919408451,79.0
84900,1.91951162,79.0
85000,1.91961182,79.0
85100,1.919720438,79.0
85200,1.919818621,79.0
85300,1.919919908,79.0
85400,1.920019734,79.0
85500,1.920116057,79.0
85600,1.920219457,79.0
85700,1.9203231,79.0
85800,1.920427549,79.0
85900,1.92052495,79.0
86000,1.920628046,79.0
86100,2.014822405,79.0
86200,2.015384425,79.0
86300,2.015887139,79.0
86400,2.016322326,79.0
86500,2.016689907,79.0
86600,2.01711115,79.0
86700,2.017800451,79.0
86800,2.018213419,79.0
86900,2.018333605,79.0
87000,2.01861377,79.0
87100,2.018739895,79.0
87200,2.018857847,79.0
87300,2.018974947,79.0
87400,2.019089685,79.0
87500,2.019196168,79.0
87600,2.019327304,79.0
87700,2.019429998,79.0
87800,2.019540577,79.0
87900,2.019639965,79.0
88000,2.01983418,79.0
88100,2.019942734,79.0
88200,2.020041499,79.0
88300,2.020138178,79.0
88400,2.020231749,79.0
88500,2.020328866,79.0
88600,2.02041912,79.0
88700,2.02052146,79.0
88800,2.020623066,79.0
88900,2.020723938,79.0
89000,2.020820945,79.0
89100,2.020911614,79.0
89200,2.021014453,79.0
89300,2.021110545,79.0
89400,2.021202389,79.0
89500,2.021312123,79.0
89600,2.021408266,79.0
89700,2.032953491,79.0
89800,2.03308682,79.0
89900,2.033192184,79.0
90000,2.033302288,79.0
90100,2.033413465,79.0
90200,2.033528491,79.0
90300,2.033631093,79.0
90400,2.033736378,79.0
90500,2.033826799,79.0
90600,2.034232283,79.0
90700,2.034390527,79.0
90800,2.034986777,79.0
90900,2.035099746,79.0
91000,2.035613204,79.0
91100,2.035741658,79.0
91200,2.035918366,79.0
91300,2.03624428,79.0
91400,2.036518788,79.0
91500,2.036631343,79.0
91600,2.036803087,79.0
91700,2.037903968,79.0
91800,2.038635777,79.0
91900,2.038915408,79.0
92000,2.039462091,79.0
92100,2.039689209,79.0
92200,2.040075796,79.0
92300,2.040327609,79.0
92400,2.041593546,79.0
92500,2.04182817,79.0
92600,2.042041465,79.0
92700,2.042418298,79.0
92800,2.043242526,79.0
92900,2.043387651,79.0
93000,2.043508907,79.0
93100,2.043654121,79.0
93200,2.04375987,79.0
93300,2.043864571,79.0
93400,2.044003237,79.0
93500,2.044111279,79.0
93600,2.044212346,79.0
93700,2.044319558,79.0
93800,2.044413768,79.0
93900,2.044518125,79.0
94000,2.044691093,79.0
94100,2.044860949,79.0
94200,2.044969137,79.0
94300,2.045064397,79.0
94400,2.045148493,79.0
94500,2.045244816,79.0
94600,2.045353479,79.0
94700,2.045699487,79.0
94800,2.045812701,79.0
94900,2.045953744,79.0
95000,2.046053388,79.0
95100,2.046210177,79.0
95200,2.04655533,79.0
95300,2.046767975,79.0
95400,2.046875387,79.0
95500,2.047009744,79.0
95600,2.047113346,79.0
95700,2.04833431,79.0
95800,2.048473708,79.0
95900,2.048695603,79.0
96000,2.04880837,79.0
96100,2.04889721,79.0
96200,2.048991976,79.0
96300,2.049085359,79.0
96400,2.049182107,79.0
96500,2.049289644,79.0
96600,2.049397818,79.0
96700,2.049501736,79.0
96800,2.049607021,79.0
96900,2.049719327,79.0
97000,2.049820529,79.0
97100,2.049922456,79.0
97200,2.050019539,79.0
97300,2.050124764,79.0
97400,2.050227287,79.0
97500,2.050338118,79.0
97600,2.050778904,79.0
97700,2.050915128,79.0
97800,2.05123277,79.0
97900,2.051339413,79.0
98000,2.051541096,79.0
98100,2.051642607,79.0
98200,2.051750746,79.0
98300,2.05184119,79.0
98400,2.05194022,79.0
98500,2.052126669,79.0
98600,2.052302543,79.0
98700,2.052394324,79.0
98800,2.052519585,79.0
98900,2.052629823,79.0
99000,2.052913026,79.0
99100,2.05301029,79.0
99200,2.05310321,79.0
99300,2.053192661,79.0
99400,2.053294207,79.0
99500,2.053393894,79.0
99600,2.05348968,79.0
99700,2.053652856,79.0
99800,2.053757736,79.0
99900,2.053859411,79.0
100000,2.053954361,79.0
100100,2.054061001,79.0
100200,2.054164499,79.0
100300,2.05426647,79.0
100400,2.054366017,79.0
100500,2.054474166,79.0
100600,2.05456607,79.0
100700,2.054663563,79.0
100800,2.054755348,79.0
100900,2.05485763,79.0
101000,2.054956665,79.0
101100,2.055053425,79.0
101200,2.05515386,79.0
101300,2.055313427,79.0
101400,2.055420608,79.0
101500,2.055525508,79.0
101600,2.056038664,79.0
101700,2.056670439,79.0
101800,2.056776771,79.0
101900,2.059211493,79.0
102000,2.059331726,79.0
102100,2.059426854,79.0
102200,2.059535463,79.0
102300,2.059665929,79.0
102400,2.05984425,79.0
102500,2.05997676,79.0
102600,2.060080758,79.0
102700,2.060241684,79.0
102800,2.06067129,79.0
102900,2.060831251,79.0
103000,2.060936997,79.0
103100,2.06103264,79.0
103200,2.061186667,79.0
103300,2.061288318,79.0
103400,2.061383009,79.0
103500,2.061510757,79.0
103600,2.061633701,79.0
103700,2.061738324,79.0
103800,2.061862243,79.0
103900,2.061981616,79.0
104000,2.06208808,79.0
104100,2.062220669,79.0
104200,2.062343765,79.0
104300,2.06244212,79.0
104400,2.062592459,79.0
104500,2.062706249,79.0
104600,2.062885411,79.0
104700,2.062985368,79.0
104800,2.063116747,79.0
104900,2.063253605,79.0
105000,2.063445863,79.0
105100,2.063584598,79.0
105200,2.063688277,79.0
105300,2.063790424,79.0
105400,2.063892486,79.0
105500,2.063997939,79.0
105600,2.064102979,79.0
105700,2.064201779,79.0
105800,2.064302206,79.0
105900,2.064406665,79.0
106000,2.064604147,79.0
106100,2.064838205,79.0
106200,2.064943265,79.0
106300,2.065042239,79.0
106400,2.0651407,79.0
106500,2.065241461,79.0
106600,2.065348339,79.0
106700,2.065456398,79.0
106800,2.065549428,79.0
106900,2.065655126,79.0
107000,2.065757337,79.0
107100,2.06586487,79.0
107200,2.065969026,79.0
107300,2.066192825,79.0
107400,2.066404734,79.0
107500,2.06650246,79.0
107600,2.066612863,79.0
107700,2.066739104,79.0
107800,2.066850181,79.0
107900,2.066946291,79.0
108000,2.067047906,79.0
108100,2.067147544,79.0
108200,2.067414823,79.0
108300,2.067521576,79.0
108400,2.067619021,79.0
108500,2.067713864,79.0
108600,2.067842255,79.0
108700,2.067948384,79.0
108800,2.06804613,79.0
108900,2.068140818,79.0
109000,2.068231828,79.0
109100,2.068325385,79.0
109200,2.068421889,79.0
109300,2.06887564,79.0
109400,2.068999825,79.0
109500,2.069108654,79.0
109600,2.069204399,79.0
109700,2.06930676,79.0
109800,2.069500821,79.0
109900,2.069603641,79.0
110000,2.069697527,79.0
110100,2.069796565,79.0
110200,2.06989718,79.0
110300,2.069991127,79.0
110400,2.070090178,79.0
110500,2.070196757,79.0
110600,2.070297566,79.0
110700,2.070397166,79.0
110800,2.07049776,79.0
110900,2.070605934,79.0
111000,2.070706918,79.0
111100,2.071166864,79.0
111200,2.071265704,79.0
111300,2.071455139,79.0
111400,2.071549926,79.0
111500,2.071657903,79.0
111600,2.071791013,79.0
111700,2.071894066,79.0
111800,2.071991629,79.0
111900,2.07209231,79.0
112000,2.072282945,79.0
112100,2.072416263,79.0
112200,2.072594978,79.0
112300,2.072705103,79.0
112400,2.072807608,79.0
112500,2.072910749,79.0
112600,2.073012559,79.0
112700,2.073117581,79.0
112800,2.073249769,79.0
112900,2.073341489,79.0
113000,2.073465009,79.0
113100,2.073572949,79.0
113200,2.07402117,79.0
113300,2.074139385,79.0
113400,2.07424191,79.0
113500,2.074341163,79.0
113600,2.074441041,79.0
113700,2.074760363,79.0
113800,2.074996166,79.0
113900,2.075125357,79.0
114000,2.075264637,79.0
114100,2.075360468,79.0
114200,2.075561926,79.0
114300,2.075787561,79.0
114400,2.075965093,79.0
114500,2.076075877,79.0
114600,2.076173216,79.0
114700,2.076271899,79.0
114800,2.076376599,79.0
114900,2.076479308,79.0
115000,2.076573659,79.0
115100,2.07667129,79.0
115200,2.076774008,79.0
115300,2.076871371,79.0
115400,2.077091619,79.0
115500,2.077201926,79.0
115600,2.077302758,79.0
115700,2.077397649,79.0
115800,2.077501599,79.0
115900,2.077607668,79.0
116000,2.077712488,79.0
116100,2.077802117,79.0
116200,2.077911001,79.0
116300,2.078009384,79.0
116400,2.078095421,79.0
116500,2.07819372,79.0
116600,2.078301968,79.0
116700,2.078396614,79.0
116800,2.078493665,79.0
116900,2.078588528,79.0
117000,2.078690048,79.0
117100,2.078790166,79.0
117200,2.078886988,79.0
117300,2.078985216,79.0
117400,2.079123301,79.0
117500,2.079220461,79.0
117600,2.079316883,79.0
117700,2.079416573,79.0
117800,2.079515103,79.0
117900,2.273125427,79.0
118000,2.273266132,79.0
118100,2.273374557,79.0
118200,2.273484426,79.0
118300,2.273583285,79.0
118400,2.273686464,79.0
118500,2.273782199,79.0
118600,2.276292459,79.0
118700,2.276430029,79.0
118800,2.276543466,79.0
118900,2.276655439,79.0
119000,2.276771588,79.0
119100,2.276908602,79.0
119200,2.277127579,79.0
119300,2.27723262,79.0
119400,2.277334741,79.0
119500,2.277435657,79.0
119600,2.277545158,79.0
119700,2.277645932,79.0
119800,2.277748306,79.0
119900,2.27785012,79.0
120000,2.277937868,79.0
120100,2.278034969,79.0
120200,2.278135289,79.0
120300,2.27823382,79.0
120400,2.278336051,79.0
120500,2.278440424,79.0
120600,2.278531458,79.0
120700,2.278633737,79.0
120800,2.27873215,79.0
120900,2.278842016,79.0
121000,2.278941171,79.0
121100,2.279036365,79.0
121200,2.279147208,79.0
121300,2.279255199,79.0
121400,2.279367261,79.0
121500,2.279485677,79.0
121600,2.279587966,79.0
121700,2.27969016,79.0
121800,2.279793437,79.0
121900,2.279899002,79.0
122000,2.280006037,79.0
122100,2.280097539,79.0
122200,2.28018725,79.0
122300,2.280284385,79.0
122400,2.280384539,79.0
122500,2.280482338,79.0
122600,2.280582851,79.0
122700,2.280676498,79.0
122800,2.280771738,79.0
122900,2.28087148,79.0
123000,2.280976284,79.0
123100,2.281073617,79.0
123200,2.281172976,79.0
123300,2.281279016,79.0
123400,2.281391898,79.0
123500,2.281482921,79.0
123600,2.281576306,79.0
123700,2.281676212,79.0
123800,2.281766629,79.0
123900,2.281874574,79.0
124000,2.281987941,79.0
124100,2.282086708,79.0
124200,2.282183499,79.0
124300,2.282294965,79.0
124400,2.282397784,79.0
124500,2.282494126,79.0
124600,2.282609546,79.0
124700,2.282715011,79.0
124800,2.282826566,79.0
124900,2.28293896,79.0
125000,2.283041168,79.0
125100,2.283142644,79.0
125200,2.283243985,79.0
125300,2.283358292,79.0
125400,2.283456886,79.0
125500,2.283549108,79.0
125600,2.283661418,79.0
125700,2.283758127,79.0
125800,2.283862508,79.0
125900,2.283965405,79.0
126000,2.284079467,79.0
126100,2.284193459,79.0
126200,2.284299037,79.0
126300,2.28440888,79.0
126400,2.284522178,79.0
126500,2.28463183,79.0
126600,2.284724814,79.0
126700,2.284822546,79.0
126800,2.28492352,79.0
126900,2.285021242,79.0
127000,2.285118905,79.0
127100,2.285215944,79.0
127200,2.285317037,79.0
127300,2.314870779,79.0
127400,2.315008247,79.0
127500,2.315114652,79.0
127600,2.315209189,79.0
127700,2.315317945,79.0
127800,2.315416322,79.0
127900,2.315516059,79.0
128000,2.315621202,79.0
128100,2.315727214,79.0
128200,2.315896081,79.0
128300,2.31600315,79.0
128400,2.316106198,79.0
128500,2.316202105,79.0
128600,2.31629713,79.0
128700,2.316400418,79.0
128800,2.316509384,79.0
128900,2.316617462,79.0
129000,2.316728611,79.0
129100,2.316833506,79.0
129200,2.316938971,79.0
129300,2.317048136,79.0
129400,2.317162414,79.0
129500,2.317271377,79.0
129600,2.31737854,79.0
129700,2.317501057,79.0
129800,2.317604264,79.0
129900,2.317707077,79.0
130000,2.31779999,79.0
130100,2.317899745,79.0
130200,2.31799868,79.0
130300,2.318106968,79.0
130400,2.318206402,79.0
130500,2.318307188,79.0
130600,2.318417171,79.0
130700,2.318523254,79.0
130800,2.318625125,79.0
130900,2.318731946,79.0
131000,2.31883422,79.0
131100,2.318931421,79.0
131200,2.319027084,79.0
131300,2.319133902,79.0
131400,2.319373785,79.0
131500,2.319520078,79.0
131600,2.319660005,79.0
131700,2.319814802,79.0
131800,2.31994604,79.0
131900,2.320053164,79.0
132000,2.320149142,79.0
132100,2.320252161,79.0
132200,2.320353237,79.0
132300,2.320452348,79.0
132400,2.320557284,79.0
132500,2.320655639,79.0
132600,2.320745702,79.0
132700,2.32085065,79.0
132800,2.320950102,79.0
132900,2.32105521,79.0
133000,2.321146065,79.0
133100,2.321249012,79.0
133200,2.32495033,79.0
133300,2.325077677,79.0
133400,2.325173804,79.0
133500,2.325282368,79.0
133600,2.325378101,79.0
133700,2.325482085,79.0
133800,2.325575487,79.0
133900,2.325678164,79.0
134000,2.325782867,79.0
134100,2.325882084,79.0
134200,2.325997226,79.0
134300,2.326091397,79.0
134400,2.326185409,79.0
134500,2.326288326,79.0
134600,2.326527892,79.0
134700,2.32668565,79.0
134800,2.326788522,79.0
134900,2.326897219,79.0
135000,2.327439004,79.0
135100,2.327833531,79.0
135200,2.328140278,79.0
135300,2.328248299,79.0
135400,2.328353135,79.0
135500,2.328443585,79.0
135600,2.328541917,79.0
135700,2.329066642,79.0
135800,2.32922288,79.0
135900,2.329341946,79.0
136000,2.329497266,79.0
136100,2.329693407,79.0
136200,2.329789962,79.0
136300,2.329885681,79.0
136400,2.361018189,79.0
136500,2.361126721,79.0
136600,2.361232248,79.0
136700,2.361341292,79.0
136800,2.361450759,79.0
136900,2.361561325,79.0
137000,2.3616652,79.0
137100,2.361768099,79.0
137200,2.361871746,79.0
137300,2.361974605,79.0
137400,2.36208088,79.0
137500,2.362187888,79.0
137600,2.362284859,79.0
137700,2.362375338,79.0
137800,2.362466169,79.0
137900,2.362576772,79.0
138000,2.362672679,79.0
138100,2.362778237,79.0
138200,2.362886085,79.0
138300,2.362991859,79.0
138400,2.363088621,79.0
138500,2.36318356,79.0
138600,2.363289069,79.0
138700,2.36339767,79.0
138800,2.363518059,79.0
138900,2.3636166,79.0
139000,2.36372362,79.0
139100,2.36382843,79.0
139200,2.363938109,79.0
139300,2.364034331,79.0
139400,2.3641319,79.0
139500,2.364243459,79.0
139600,2.365491205,79.0
139700,2.36563442,79.0
139800,2.365752934,79.0
139900,2.365861869,79.0
140000,2.365961145,79.0
140100,2.366065618,79.0
140200,2.366178061,79.0
140300,2.366283337,79.0
140400,2.366385012,79.0
140500,2.366497204,79.0
140600,2.366597045,79.0
140700,2.366694278,79.0
140800,2.366810242,79.0
140900,2.366906397,79.0
141000,2.367002776,79.0
141100,2.367102982,79.0
141200,2.367215302,79.0
141300,2.367307174,79.0
141400,2.367416025,79.0
141500,2.367521482,79.0
141600,2.367630037,79.0
141700,2.367732105,79.0
141800,2.367834225,79.0
141900,2.367937346,79.0
142000,2.368037582,79.0
142100,2.36814365,79.0
142200,2.368322135,79.0
142300,2.368560258,79.0
142400,2.368741654,79.0
142500,2.369467301,79.0
142600,2.369579262,79.0
142700,2.372668358,79.0
142800,2.372796175,79.0
142900,2.372907125,79.0
143000,2.373032549,79.0
143100,2.373145884,79.0
143200,2.373253339,79.0
143300,2.373350299,79.0
143400,2.373452905,79.0
143500,2.373559568,79.0
143600,2.373662647,79.0
143700,2.374284081,79.0
143800,2.374542221,79.0
143900,2.375140731,79.0
144000,2.375401969,79.0
144100,2.376590569,79.0
144200,2.376793505,79.0
144300,2.376938944,79.0
144400,2.377232264,79.0
144500,2.37736558,79.0
144600,2.377499848,79.0
144700,2.377627614,79.0
144800,2.377749458,79.0
144900,2.377865546,79.0
145000,2.37798849,79.0
145100,2.378105371,79.0
145200,2.378223981,79.0
145300,2.378346022,79.0
145400,2.378517811,79.0
145500,2.378697092,79.0
145600,2.378814125,79.0
145700,2.378927016,79.0
145800,2.379052829,79.0
145900,2.379406646,79.0
146000,2.379552839,79.0
146100,2.379720308,79.0
146200,2.379870606,79.0
146300,2.38000684,79.0
146400,2.380144604,79.0
146500,2.380282417,79.0
146600,2.380432006,79.0
146700,2.380567548,79.0
146800,2.380718725,79.0
146900,2.380939222,79.0
147000,2.381526342,79.0
147100,2.381633301,79.0
147200,2.38173721,79.0
147300,2.381836865,79.0
147400,2.381936339,79.0
147500,2.382035061,79.0
147600,2.382142469,79.0
147700,2.382240371,79.0
147800,2.382335221,79.0
147900,2.382440598,79.0
148000,2.382542922,79.0
148100,2.382628186,79.0
148200,2.382721542,79.0
148300,2.38282611,79.0
148400,2.382925692,79.0
148500,2.383026539,79.0
148600,2.383126748,79.0
148700,2.38322992,79.0
148800,2.383325885,79.0
148900,2.383421319,79.0
149000,2.383741005,79.0
149100,2.383856818,79.0
149200,2.384113607,79.0
149300,2.38422419,79.0
149400,2.384318204,79.0
149500,2.384416576,79.0
149600,2.384515065,79.0
149700,2.384609348,79.0
149800,2.384708267,79.0
149900,2.384820764,79.0
150000,2.385736841,79.0
150100,2.385857722,79.0
150200,2.38595664,79.0
150300,2.386046881,79.0
150400,2.386161452,79.0
150500,2.386259584,79.0
150600,2.386356541,79.0
150700,2.386463785,79.0
150800,2.386899667,79.0
150900,2.387009957,79.0
151000,2.38711124,79.0
151100,2.387212061,79.0
151200,2.387302014,79.0
151300,2.38740704,79.0
151400,2.387497741,79.0
151500,2.387602372,79.0
151600,2.387705741,79.0
151700,2.387801982,79.0
151800,2.387901945,79.0
151900,2.387988979,79.0
152000,2.388080019,79.0
152100,2.388298735,79.0
152200,2.38839852,79.0
152300,2.388490767,79.0
152400,2.388582149,79.0
152500,2.388679217,79.0
152600,2.388789948,79.0
152700,2.388888688,79.0
152800,2.388988281,79.0
152900,2.389089477,79.0
153000,2.389185221,79.0
153100,2.38929649,79.0
153200,2.389393702,79.0
153300,2.389486376,79.0
153400,2.389587125,79.0
153500,2.38968538,79.0
153600,2.389821219,79.0
153700,2.389902812,79.0
153800,2.38999833,79.0
153900,2.390094326,79.0
154000,2.390190736,79.0
154100,2.390288222,79.0
154200,2.390383652,79.0
154300,2.39048333,79.0
154400,2.390582804,79.0
154500,2.39068164,79.0
154600,2.390788797,79.0
154700,2.39089088,79.0
154800,2.390986799,79.0
154900,2.39108185,79.0
155000,2.39118393,79.0
155100,2.391277161,79.0
155200,2.391376237,79.0
155300,2.391466845,79.0
155400,2.391567536,79.0
155500,2.391668348,79.0
155600,2.391765661,79.0
155700,2.391876535,79.0
155800,2.391976407,79.0
155900,2.39207895,79.0
156000,2.392183974,79.0
156100,2.392279387,79.0
156200,2.392373406,79.0
156300,2.392474661,79.0
156400,2.39257795,79.0
156500,2.392681245,79.0
156600,2.392782009,79.0
156700,2.392884279,79.0
156800,2.392976825,79.0
156900,2.393071742,79.0
157000,2.393174299,79.0
157100,2.393277297,79.0
157200,2.393377227,79.0
157300,2.393475818,79.0
157400,2.393575922,79.0
157500,2.393670017,79.0
157600,2.393766589,79.0
157700,2.393868981,79.0
157800,2.393972124,79.0
157900,2.394071494,79.0
158000,2.394172538,79.0
158100,2.394268325,79.0
158200,2.394369806,79.0
158300,2.394463007,79.0
158400,2.394560944,79.0
158500,2.394658101,79.0
158600,2.394751257,79.0
158700,2.394852577,79.0
158800,2.394942218,79.0
158900,2.395043252,79.0
159000,2.395137142,79.0
159100,2.395238166,79.0
159200,2.395355158,79.0
159300,2.395494088,79.0
159400,2.395600176,79.0
159500,2.395702319,79.0
159600,2.395805588,79.0
159700,2.395906481,79.0
159800,2.395999246,79.0
159900,2.396110901,79.0
160000,2.396202492,79.0
160100,2.396310735,79.0
160200,2.39640833,79.0
160300,2.396507518,79.0
160400,2.396601357,79.0
160500,2.396704881,79.0
160600,2.397300309,79.0
160700,2.397600101,79.0
160800,2.397724209,79.0
160900,2.397828014,79.0
161000,2.397933597,79.0
161100,2.398035309,79.0
161200,2.398127917,79.0
161300,2.398236861,79.0
161400,2.398331248,79.0
161500,2.398459454,79.0
161600,2.398553412,79.0
161700,2.398654185,79.0
161800,2.398755429,79.0
161900,2.398865684,79.0
162000,2.398979131,79.0
162100,2.399078419,79.0
162200,2.399184334,79.0
162300,2.399285797,79.0
162400,2.399385412,79.0
162500,2.399575527,79.0
162600,2.399754052,79.0
162700,2.399867691,79.0
162800,2.399977767,79.0
162900,2.400081845,79.0
163000,2.400192599,79.0
163100,2.400303544,79.0
163200,2.400425328,79.0
163300,2.400529762,79.0
163400,2.400632162,79.0
163500,2.40079323,79.0
163600,2.400908878,79.0
163700,2.401020686,79.0
163800,2.401133295,79.0
163900,2.401243719,79.0
164000,2.401344452,79.0
164100,2.401454785,79.0
164200,2.401559399,79.0
164300,2.401811896,79.0
164400,2.401927825,79.0
164500,2.402089561,79.0
164600,2.402202642,79.0
164700,2.402359461,79.0
164800,2.402488406,79.0
164900,2.402599385,79.0
165000,2.402703776,79.0
165100,2.402816734,79.0
165200,2.402917408,79.0
165300,2.403032149,79.0
165400,2.403147988,79.0
165500,2.403308102,79.0
165600,2.403421182,79.0
165700,2.403533379,79.0
165800,2.403645092,79.0
165900,2.403747077,79.0
166000,2.403857338,79.0
166100,2.403967897,79.0
166200,2.404073744,79.0
166300,2.404187277,79.0
166400,2.404304742,79.0
166500,2.404468305,79.0
166600,2.40457279,79.0
166700,2.404679295,79.0
166800,2.404799484,79.0
166900,2.404910379,79.0
167000,2.405027237,79.0
167100,2.405142135,79.0
167200,2.405255002,79.0
167300,2.405551127,79.0
167400,2.405669932,79.0
167500,2.40578307,79.0
167600,2.405889784,79.0
167700,2.405989242,79.0
167800,2.406103029,79.0
167900,2.406232176,79.0
168000,2.406337268,79.0
168100,2.406443616,79.0
168200,2.407173421,79.0
168300,2.407326199,79.0
168400,2.407434704,79.0
168500,2.407545661,79.0
168600,2.407666737,79.0
168700,2.407770201,79.0
168800,2.407958057,79.0
168900,2.408065302,79.0
169000,2.408169505,79.0
169100,2.408561629,79.0
169200,2.408696517,79.0
169300,2.408999778,79.0
169400,2.409188464,79.0
169500,2.40929332,79.0
169600,2.409407056,79.0
169700,2.409511029,79.0
169800,2.409608402,79.0
169900,2.40972793,79.0
170000,2.409826524,79.0
170100,2.409925429,79.0
170200,2.410107588,79.0
170300,2.410300128,79.0
170400,2.410440059,79.0
170500,2.41057424,79.0
170600,2.410688019,79.0
170700,2.4107936,79.0
170800,2.41089327,79.0
170900,2.410995985,79.0
171000,2.411097126,79.0
171100,2.411193689,79.0
171200,2.411303141,79.0
171300,2.411399744,79.0
171400,2.411501496,79.0
171500,2.411602771,79.0
171600,2.411713805,79.0
171700,2.411833678,79.0
171800,2.411984411,79.0
171900,2.412104566,79.0
172000,2.412210487,79.0
172100,2.412319492,79.0
172200,2.412429768,79.0
172300,2.412540525,79.0
172400,2.412645777,79.0
172500,2.412754839,79.0
172600,2.412862982,79.0
172700,2.412974007,79.0
172800,2.413080228,79.0
172900,2.431233121,79.0
173000,2.431453897,79.0
173100,2.436062359,79.0
173200,2.436208297,79.0
173300,2.436334125,79.0
173400,2.436440342,79.0
173500,2.436534601,79.0
173600,2.436634107,79.0
173700,2.436738939,79.0
173800,2.436843296,79.0
173900,2.436946045,79.0
174000,2.43704475,79.0
174100,2.437784264,79.0
174200,2.437922866,79.0
174300,2.43803712,79.0
174400,2.438540456,79.0
174500,2.43866904,79.0
174600,2.43879107,79.0
174700,2.438984145,79.0
174800,2.439156157,79.0
174900,2.439267026,79.0
175000,2.439377297,79.0
175100,2.439497279,79.0
175200,2.4396136,79.0
175300,2.439739845,79.0
175400,2.439858369,79.0
175500,2.439966606,79.0
175600,2.440094774,79.0
175700,2.440203468,79.0
175800,2.440324108,79.0
175900,2.440439561,79.0
176000,2.440552885,79.0
176100,2.440665858,79.0
176200,2.440778242,79.0
176300,2.445715185,79.0
176400,2.44585568,79.0
176500,2.445973839,79.0
176600,2.446083264,79.0
176700,2.446184798,79.0
176800,2.446297786,79.0
176900,2.446408214,79.0
177000,2.446519618,79.0
177100,2.446627281,79.0
177200,2.446740984,79.0
177300,2.446848535,79.0
177400,2.449029325,79.0
177500,2.449217757,79.0
177600,2.44939088,79.0
177700,2.449506442,79.0
177800,2.450048526,79.0
177900,2.450156179,79.0
178000,2.450260189,79.0
178100,2.450427775,79.0
178200,2.450531341,79.0
178300,2.4506365,79.0
178400,2.450735637,79.0
178500,2.450833136,79.0
178600,2.450939101,79.0
178700,2.451037627,79.0
178800,2.451146046,79.0
178900,2.451246145,79.0
179000,2.451347451,79.0
179100,2.451445439,79.0
179200,2.451538209,79.0
179300,2.451635056,79.0
179400,2.451728291,79.0
179500,2.451826011,79.0
179600,2.451927679,79.0
179700,2.452023852,79.0
179800,2.452123731,79.0
179900,2.453459707,79.0
180000,2.453606091,79.0
180100,2.453726691,79.0
180200,2.453849147,79.0
180300,2.453965497,79.0
180400,2.454073814,79.0
180500,2.454181148,79.0
180600,2.454292814,79.0
180700,2.45440337,79.0
180800,2.454624262,79.0
180900,2.454749971,79.0
181000,2.454857159,79.0
181100,2.454968525,79.0
181200,2.455430758,79.0
181300,2.45554684,79.0
181400,2.455663201,79.0
181500,2.455781445,79.0
181600,2.455891879,79.0
181700,2.455998159,79.0
181800,2.456104924,79.0
181900,2.456221546,79.0
182000,2.456361847,79.0
182100,2.456486975,79.0
182200,2.456605337,79.0
182300,2.45671638,79.0
182400,2.45683005,79.0
182500,2.456944148,79.0
182600,2.457052319,79.0
182700,2.457166979,79.0
182800,2.457272525,79.0
182900,2.457383298,79.0
183000,2.457490039,79.0
183100,2.457599014,79.0
183200,2.457708904,79.0
183300,2.457815497,79.0
183400,2.457923,79.0
183500,2.458039506,79.0
183600,2.458176208,79.0
183700,2.458292549,79.0
183800,2.4584088,79.0
183900,2.458586604,79.0
184000,2.458779124,79.0
184100,2.458898407,79.0
184200,2.45900507,79.0
184300,2.459116699,79.0
184400,2.45922018,79.0
184500,2.459318288,79.0
184600,2.459422062,79.0
184700,2.46771137,79.0
184800,2.467897901,79.0
184900,2.468025841,79.0
185000,2.468141309,79.0
185100,2.46825817,79.0
185200,2.46836382,79.0
185300,2.468468429,79.0
185400,2.468575239,79.0
185500,2.468855968,79.0
185600,2.468960937,79.0
185700,2.469077368,79.0
185800,2.46918461,79.0
185900,2.469297079,79.0
186000,2.469407537,79.0
186100,2.469513899,79.0
186200,2.46961873,79.0
186300,2.469730646,79.0
186400,2.469831097,79.0
186500,2.469959575,79.0
186600,2.47011467,79.0
186700,2.470280361,79.0
186800,2.470449726,79.0
186900,2.47062588,79.0
187000,2.470806666,79.0
187100,2.470974571,79.0
187200,2.471148182,79.0
187300,2.471318181,79.0
187400,2.471532384,79.0
187500,2.471688821,79.0
187600,2.471882374,79.0
187700,2.472053127,79.0
187800,2.472222164,79.0
187900,2.472391579,79.0
188000,2.472562509,79.0
188100,2.47275092,79.0
188200,2.472916786,79.0
188300,2.473105926,79.0
188400,2.473275507,79.0
188500,2.473450091,79.0
188600,2.473607888,79.0
188700,2.47379572,79.0
188800,2.473985746,79.0
188900,2.474187447,79.0
189000,2.474353858,79.0
189100,2.47458403,79.0
189200,2.474745764,79.0
189300,2.474928019,79.0
189400,2.475093657,79.0
189500,2.475267424,79.0
189600,2.475438734,79.0
189700,2.475598225,79.0
189800,2.475764334,79.0
189900,2.475922668,79.0
190000,2.476092059,79.0
190100,2.476251625,79.0
190200,2.476424884,79.0
190300,2.476570722,79.0
190400,2.476732302,79.0
190500,2.476904481,79.0
190600,2.5272516,79.0
190700,2.530180571,79.0
190800,2.530380947,79.0
190900,2.53260347,79.0
191000,2.532818739,79.0
191100,2.533007086,79.0
191200,2.533302522,79.0
191300,2.534686168,79.0
191400,2.540098475,79.0
191500,2.545616851,79.0
191600,2.545923538,79.0
191700,2.546191199,79.0
191800,2.54662534,79.0
191900,2.55398375,79.0
192000,2.554457757,79.0
192100,2.55480359,79.0
192200,2.554978067,79.0
192300,2.555181066,79.0
192400,2.555350649,79.0
192500,2.555515636,79.0
192600,2.555672589,79.0
192700,2.555857872,79.0
192800,2.556194336,79.0
192900,2.556969416,79.0
193000,2.643184417,79.0
193100,2.64330693,79.0
193200,2.643426819,79.0
193300,2.64352851,79.0
193400,2.643628988,79.0
193500,2.643731017,79.0
193600,2.643836302,79.0
193700,2.643950737,79.0
193800,2.644069845,79.0
193900,2.644209265,79.0
194000,2.644361544,79.0
194100,2.64452143,79.0
194200,2.644688204,79.0
194300,2.644834247,79.0
194400,2.645005704,79.0
194500,2.64570177,79.0
194600,2.645885957,79.0
194700,2.646064019,79.0
194800,2.64622109,79.0
194900,2.646368824,79.0
195000,2.646722139,79.0
195100,2.646881498,79.0
195200,2.647045738,79.0
195300,2.647194045,79.0
195400,2.647354626,79.0
195500,2.647510944,79.0
195600,2.647691305,79.0
195700,2.647855217,79.0
195800,2.648012498,79.0
195900,2.656841887,79.0
196000,2.657104278,79.0
196100,2.657288176,79.0
196200,2.657474087,79.0
196300,2.657648242,79.0
196400,2.657848385,79.0
196500,2.658033777,79.0
196600,2.65819998,79.0
196700,2.658371689,79.0
196800,2.65855651,79.0
196900,2.658765298,79.0
197000,2.658938299,79.0
197100,2.661828681,79.0
197200,2.662078959,79.0
197300,2.662299098,79.0
197400,2.66500242,79.0
197500,2.665201306,79.0
197600,2.665792454,79.0
197700,2.666002364,79.0
197800,2.666175327,79.0
197900,2.666336422,79.0
198000,2.666543974,79.0
198100,2.666721678,79.0
198200,2.666892647,79.0
198300,2.667120174,79.0
198400,2.667364854,79.0
198500,2.66754334,79.0
198600,2.667728161,79.0
198700,2.668446618,79.0
198800,2.668787886,79.0
198900,2.668955764,79.0
199000,2.669124928,79.0
199100,2.669289097,79.0
199200,2.669464027,79.0
199300,2.669634759,79.0
199400,2.669993248,79.0
199500,2.67016139,79.0
199600,2.670330085,79.0
199700,2.670505684,79.0
199800,2.670683536,79.0
199900,2.670866975,79.0
