opt.prob.MIMIC@659499f1 iteration number, training time, fitness,
0,56.307608451,46.0
100,57.832642352,70.0
200,59.063020569,71.0
300,59.959921622,73.0
400,60.732823734,73.0
500,61.383573246,73.0
600,61.871929096,73.0
700,62.346822877,73.0
800,62.819556854,75.0
900,63.214534926,75.0
1000,63.595555392,75.0
1100,63.941749497,77.0
1200,64.292323633,77.0
1300,64.748411884,77.0
1400,65.148691072,77.0
1500,65.555244001,77.0
1600,65.989429325,77.0
1700,66.374993611,77.0
1800,66.799290609,77.0
1900,67.177670938,77.0
2000,67.57755665,77.0
2100,68.306675813,77.0
2200,69.833650605,77.0
2300,71.284454782,77.0
2400,73.598858611,77.0
2500,74.954763981,77.0
2600,76.461572359,77.0
2700,78.379548312,77.0
2800,79.256629662,77.0
2900,80.795636034,77.0
3000,82.235845434,77.0
3100,83.014439405,77.0
3200,83.981567226,77.0
3300,84.662263384,77.0
3400,85.220196186,77.0
3500,85.719329253,77.0
3600,86.22043485,77.0
3700,86.807488554,77.0
3800,87.400381992,77.0
3900,88.06104207,77.0
4000,88.60933805,77.0
4100,89.034286142,77.0
4200,89.495627332,77.0
4300,89.924328044,77.0
4400,90.368967731,77.0
4500,90.868359156,77.0
4600,91.298880102,77.0
4700,92.099566233,77.0
4800,92.931663301,77.0
4900,93.646814294,77.0
5000,94.314694513,77.0
5100,94.897673695,77.0
5200,95.800362293,77.0
5300,96.638122918,77.0
5400,97.268602325,77.0
5500,98.127316439,77.0
5600,98.672675364,77.0
5700,99.354061758,77.0
5800,99.959442163,77.0
5900,100.377358082,77.0
6000,100.900052519,77.0
6100,101.345678897,77.0
6200,101.800530399,77.0
6300,102.226216378,77.0
6400,102.797609316,77.0
6500,103.216274173,77.0
6600,103.67870199,77.0
6700,104.314478107,77.0
6800,104.800807312,77.0
6900,105.318862141,77.0
7000,105.759407951,77.0
7100,106.196712278,77.0
7200,106.656308642,77.0
7300,107.128048799,77.0
7400,108.102166454,77.0
7500,108.694978567,77.0
7600,109.234233908,77.0
7700,109.747000059,77.0
7800,110.180159838,77.0
7900,110.643558185,77.0
8000,111.17314648,77.0
8100,111.632685335,77.0
8200,112.056023887,77.0
8300,112.50021101,77.0
8400,112.946468877,77.0
8500,113.37571613,77.0
8600,113.84217268,77.0
8700,114.288771267,77.0
8800,114.749424715,77.0
8900,115.198190783,77.0
9000,115.72266137,77.0
9100,116.133922547,77.0
9200,116.580830029,77.0
9300,117.046257795,77.0
9400,117.46212895,77.0
9500,117.845499676,77.0
9600,118.277811269,77.0
9700,118.838894213,77.0
9800,119.226581313,77.0
9900,119.64986079,77.0
10000,120.000798454,77.0
10100,120.352409774,77.0
10200,120.735212653,77.0
10300,121.097436238,77.0
10400,121.527963089,77.0
10500,121.894690878,77.0
10600,122.24237428,77.0
10700,122.592840815,77.0
10800,122.983156801,77.0
10900,123.418124388,77.0
11000,123.822846053,77.0
11100,124.207509884,77.0
11200,124.631385006,77.0
11300,125.011478428,77.0
11400,125.427672843,77.0
11500,125.830411254,77.0
11600,126.269012972,77.0
11700,126.662039232,77.0
11800,127.033057663,77.0
11900,127.452074591,77.0
12000,127.880674265,77.0
12100,128.275104036,77.0
12200,128.693044138,77.0
12300,129.145421872,77.0
12400,129.580140946,77.0
12500,130.010060044,77.0
12600,130.446409056,77.0
12700,130.909357655,77.0
12800,131.534159145,77.0
12900,132.039886588,77.0
13000,132.524074966,77.0
13100,133.058520378,77.0
13200,133.477933237,77.0
13300,133.900789504,77.0
13400,134.342578958,77.0
13500,134.74317484,77.0
13600,135.146540795,77.0
13700,135.556280628,77.0
13800,135.92153369,77.0
13900,136.316672826,77.0
14000,136.815197841,77.0
14100,137.206171222,77.0
14200,137.579668458,77.0
14300,137.953727244,77.0
14400,138.401114324,77.0
14500,138.852863515,77.0
14600,139.300778794,77.0
14700,139.731792723,77.0
14800,140.145884346,77.0
14900,140.602260175,77.0
15000,141.034591015,77.0
15100,141.588751005,77.0
15200,142.023085777,77.0
15300,142.450529799,77.0
15400,142.915096732,77.0
15500,143.419584795,77.0
15600,143.835956363,77.0
15700,144.239307806,77.0
15800,144.628045793,77.0
15900,145.022498917,77.0
16000,145.424710564,77.0
16100,145.821551867,77.0
16200,146.217546921,77.0
16300,146.593449368,77.0
16400,147.083961562,77.0
16500,147.555319946,77.0
16600,147.918626367,77.0
16700,148.418380453,77.0
16800,148.888295479,77.0
16900,149.329675871,77.0
17000,149.92439224,77.0
17100,150.386156266,77.0
17200,150.89415413,77.0
17300,151.37179979,77.0
17400,151.829588555,77.0
17500,152.296818452,77.0
17600,152.798268514,77.0
17700,153.293097587,77.0
17800,153.778535572,77.0
17900,154.376661807,77.0
18000,154.886213194,77.0
18100,155.366471754,77.0
18200,155.889838038,77.0
18300,156.391604254,77.0
18400,156.930816295,77.0
18500,157.418667392,77.0
18600,157.940338176,77.0
18700,158.46393435,77.0
18800,158.998133382,77.0
18900,159.566738736,77.0
19000,160.083487269,77.0
19100,160.586601573,77.0
19200,161.058976878,77.0
19300,161.580858847,77.0
19400,162.077822312,77.0
19500,162.576239326,77.0
19600,163.357040453,77.0
19700,163.88418705,77.0
19800,164.371404079,77.0
19900,164.872378246,77.0
20000,165.350291473,77.0
20100,165.867752569,77.0
20200,166.354909934,77.0
20300,166.89030172,77.0
20400,167.42761056,77.0
20500,167.965878767,77.0
20600,168.450624837,77.0
20700,168.899613263,77.0
20800,169.380764326,77.0
20900,169.912984826,77.0
21000,170.386514807,77.0
21100,170.868047555,77.0
21200,171.358115987,77.0
21300,171.878464039,77.0
21400,172.364110544,77.0
21500,172.848275074,77.0
21600,173.335400717,77.0
21700,173.846483894,77.0
21800,174.331108874,77.0
21900,174.828410126,77.0
22000,175.350916729,77.0
22100,175.858439659,77.0
22200,176.353732636,77.0
22300,176.79959767,77.0
22400,177.267621865,77.0
22500,177.659035922,77.0
22600,178.043214742,77.0
22700,178.470781082,77.0
22800,178.905205005,77.0
22900,179.311483794,77.0
23000,179.769415293,77.0
23100,180.130723258,77.0
23200,180.514271929,77.0
23300,180.897238031,77.0
23400,181.242840382,77.0
23500,181.60112927,77.0
23600,181.959185026,77.0
23700,182.30316066,77.0
23800,182.653538922,77.0
23900,183.015605548,77.0
24000,183.415542961,77.0
24100,183.843170583,77.0
24200,184.255063788,77.0
24300,184.709722212,77.0
24400,185.105861244,77.0
24500,185.547347473,77.0
24600,185.935100157,77.0
24700,186.363764762,77.0
24800,186.759591959,77.0
24900,187.152795163,77.0
25000,187.580397475,77.0
25100,187.983188546,77.0
25200,188.434450922,77.0
25300,188.879070941,77.0
25400,189.30886573,77.0
25500,189.777291365,77.0
25600,190.262446181,77.0
25700,190.731963476,77.0
25800,191.124855947,77.0
25900,191.529379044,77.0
26000,191.912042445,77.0
26100,192.266956447,77.0
26200,192.708348288,77.0
26300,193.178416989,77.0
26400,193.691051792,77.0
26500,194.144225386,77.0
26600,194.597418932,77.0
26700,195.01528712,77.0
26800,195.434202701,77.0
26900,195.850756202,77.0
27000,196.260118189,77.0
27100,196.679755378,77.0
27200,197.073717458,77.0
27300,197.433894052,77.0
27400,197.81435011,77.0
27500,198.198930672,77.0
27600,198.664081423,77.0
27700,199.11589664,77.0
27800,199.567714039,77.0
27900,199.967959075,77.0
28000,200.410763352,77.0
28100,200.847633982,77.0
28200,201.268844305,77.0
28300,201.677139284,77.0
28400,202.099981088,77.0
28500,202.525030822,77.0
28600,202.958804369,77.0
28700,203.355210405,77.0
28800,203.786227674,77.0
28900,204.190688935,77.0
29000,204.585754853,77.0
29100,204.989387887,77.0
29200,205.374605848,77.0
29300,205.743731642,77.0
29400,206.132262728,77.0
29500,206.556872559,77.0
29600,207.052642198,77.0
29700,207.424626051,77.0
29800,207.792968444,77.0
29900,208.165183241,77.0
30000,208.548952269,77.0
30100,208.910951988,77.0
30200,209.267575874,77.0
30300,209.625230128,77.0
30400,209.98239876,77.0
30500,210.351877609,77.0
30600,210.752020896,77.0
30700,211.128246216,77.0
30800,211.526416454,77.0
30900,211.91805848,77.0
31000,212.334977662,77.0
31100,212.781341188,77.0
31200,213.249424204,77.0
31300,213.726872311,77.0
31400,214.171584683,77.0
31500,214.626590778,77.0
31600,215.109352393,77.0
31700,215.609633682,77.0
31800,216.063255917,77.0
31900,216.5604578,77.0
32000,217.0366757,77.0
32100,217.596864078,77.0
32200,218.027033592,77.0
32300,218.456521231,77.0
32400,218.912508238,77.0
32500,219.410145273,77.0
32600,219.841618799,77.0
32700,220.230868397,77.0
32800,220.667219339,77.0
32900,221.099617242,77.0
33000,221.608294478,77.0
33100,222.028718434,77.0
33200,222.652104424,77.0
33300,224.15453119,77.0
33400,228.049422365,77.0
33500,229.358738865,77.0
33600,231.125275809,77.0
33700,232.479700803,77.0
33800,233.967547595,77.0
33900,235.189160534,77.0
34000,236.663269215,77.0
34100,238.062316242,77.0
34200,238.913413468,77.0
34300,239.781457066,77.0
34400,240.355164547,77.0
34500,241.193917097,77.0
34600,241.85147999,77.0
34700,242.456766563,77.0
34800,243.025358278,77.0
34900,243.513322167,77.0
35000,243.969244282,77.0
35100,244.618730828,77.0
35200,245.5023133,77.0
35300,246.17189212,77.0
35400,246.739509138,77.0
35500,247.283245501,77.0
35600,247.737311479,77.0
35700,248.177306992,77.0
35800,248.557642356,77.0
35900,248.944546887,77.0
36000,249.477113102,77.0
36100,249.842309875,77.0
36200,250.363345299,77.0
36300,250.767402505,77.0
36400,251.108844283,77.0
36500,251.430984496,77.0
36600,251.757174681,77.0
36700,252.07640844,77.0
36800,252.434942564,77.0
36900,253.358796144,77.0
37000,253.976396248,77.0
37100,254.99598163,77.0
37200,255.881952596,77.0
37300,256.794898705,77.0
37400,257.399099825,77.0
37500,257.891309491,77.0
37600,258.277526771,77.0
37700,258.706992579,77.0
37800,259.230504793,77.0
37900,259.626683517,77.0
38000,259.949105181,77.0
38100,260.291804027,77.0
38200,260.738264934,77.0
38300,261.186206301,77.0
38400,261.616424446,77.0
38500,262.212668954,77.0
38600,262.885924376,77.0
38700,263.537708365,77.0
38800,264.119987337,77.0
38900,264.505292545,77.0
39000,264.88687876,77.0
39100,265.387655545,77.0
39200,265.814077974,77.0
39300,266.131589635,77.0
39400,266.492417298,77.0
39500,266.84016481,77.0
39600,267.191855689,77.0
39700,267.531260554,77.0
39800,267.91009164,77.0
39900,268.229747734,77.0
40000,268.604719849,77.0
40100,268.96059266,77.0
40200,269.283723754,77.0
40300,269.624258759,77.0
40400,269.953319312,77.0
40500,270.359187711,77.0
40600,270.823778559,77.0
40700,271.188361315,77.0
40800,271.564425947,77.0
40900,272.048099477,77.0
41000,272.431842653,77.0
41100,272.924015316,77.0
41200,273.331163077,77.0
41300,273.769277812,77.0
41400,274.185244592,77.0
41500,274.619479385,77.0
41600,275.03730991,77.0
41700,275.428732457,77.0
41800,275.81950018,77.0
41900,276.185088286,77.0
42000,276.562856038,77.0
42100,276.922273997,77.0
42200,277.286954782,77.0
42300,277.672022942,77.0
42400,278.017835755,77.0
42500,278.344649228,77.0
42600,278.723290471,77.0
42700,279.086916559,77.0
42800,279.454883318,77.0
42900,279.849552841,77.0
43000,280.190620443,77.0
43100,280.591037224,77.0
43200,281.161929663,77.0
43300,281.707743621,77.0
43400,282.069589565,77.0
43500,282.450296339,77.0
43600,282.824643039,77.0
43700,283.175264161,77.0
43800,283.515591726,77.0
43900,283.835570507,77.0
44000,284.147280484,77.0
44100,284.464362414,77.0
44200,284.783988284,77.0
44300,285.095299991,77.0
44400,285.434094235,77.0
44500,285.855655873,77.0
44600,286.24300759,77.0
44700,286.640515353,77.0
44800,286.98654311,77.0
44900,287.328932936,77.0
45000,287.717949029,77.0
45100,288.084501434,77.0
45200,288.480870155,77.0
45300,288.883908117,77.0
45400,289.229969827,77.0
45500,289.576046899,77.0
45600,289.91397813,77.0
45700,290.259551671,77.0
45800,290.597138836,77.0
45900,290.937203221,77.0
46000,291.296515988,77.0
46100,291.665130168,77.0
46200,292.062105837,77.0
46300,292.413238987,77.0
46400,292.864430398,77.0
46500,293.252910053,77.0
46600,293.62525668,77.0
46700,293.947566953,77.0
46800,294.363151445,77.0
46900,294.787520155,77.0
47000,295.313273945,77.0
47100,295.724280176,77.0
47200,296.109520181,77.0
47300,296.44801036,77.0
47400,296.89540368,77.0
47500,297.262036813,77.0
47600,297.626509265,77.0
47700,297.956393995,77.0
47800,298.296976079,77.0
47900,298.657481318,77.0
48000,299.080701257,77.0
48100,299.622739899,77.0
48200,300.052956663,77.0
48300,300.584646178,77.0
48400,301.032283057,77.0
48500,301.545524341,77.0
48600,302.045687436,77.0
48700,302.720167841,77.0
48800,303.37015266,77.0
48900,304.234272949,77.0
49000,304.85006332,77.0
49100,305.34538989,77.0
49200,305.776700979,77.0
49300,306.296554963,77.0
49400,306.74246138,77.0
49500,307.219540911,77.0
49600,307.67994176,77.0
49700,308.064067014,77.0
49800,308.687150207,77.0
49900,309.040069128,77.0
50000,309.388995644,77.0
50100,309.740199813,77.0
50200,310.088327606,77.0
50300,310.450811755,77.0
50400,310.798842388,77.0
50500,311.124889402,77.0
50600,311.440569805,77.0
50700,311.78809307,77.0
50800,312.192652369,77.0
50900,312.752228368,77.0
51000,313.096168169,77.0
51100,313.579275418,77.0
51200,313.9635624,77.0
51300,314.334613929,77.0
51400,314.697409345,77.0
51500,315.164323238,77.0
51600,315.817534009,77.0
51700,316.322274077,77.0
51800,316.912093099,77.0
51900,317.453885391,77.0
52000,317.94410145,77.0
52100,318.2722783,77.0
52200,318.665338912,77.0
52300,319.039542695,77.0
52400,319.395784223,77.0
52500,319.732022365,77.0
52600,320.07482826,77.0
52700,320.45567926,77.0
52800,320.817353871,77.0
52900,321.211144297,77.0
53000,321.581348409,77.0
53100,321.907538512,77.0
53200,322.251027266,77.0
53300,322.626436099,77.0
53400,322.970375434,77.0
53500,323.306837217,77.0
53600,323.645915331,77.0
53700,323.973813543,77.0
53800,324.309382813,77.0
53900,324.654380905,77.0
54000,324.971635428,77.0
54100,325.292790169,77.0
54200,325.624087583,77.0
54300,325.945973138,77.0
54400,326.264433109,77.0
54500,326.600758346,77.0
54600,327.001229478,77.0
54700,327.381501809,77.0
54800,327.785048859,77.0
54900,328.095047804,77.0
55000,328.774592609,77.0
55100,330.112966124,77.0
55200,331.118056177,77.0
55300,331.560596953,77.0
55400,333.267189599,77.0
55500,334.949409537,77.0
55600,336.587001207,77.0
55700,337.739923273,77.0
55800,338.336722275,77.0
55900,339.307525632,77.0
56000,339.875489448,77.0
56100,340.640122622,77.0
56200,341.182312392,77.0
56300,342.103038499,77.0
56400,342.7771255,77.0
56500,343.29495207,77.0
56600,343.753834902,77.0
56700,344.35764355,77.0
56800,344.851730286,77.0
56900,345.270142474,77.0
57000,345.673683073,77.0
57100,346.117493009,77.0
57200,346.543810082,77.0
57300,347.840500829,77.0
57400,349.287888118,77.0
57500,350.599716198,77.0
57600,351.736627369,77.0
57700,352.32969903,77.0
57800,352.784293907,77.0
57900,353.255445925,77.0
58000,353.635601326,77.0
58100,353.956633431,77.0
58200,354.358892577,77.0
58300,354.824655501,77.0
58400,355.201096715,77.0
58500,355.597048437,77.0
58600,355.990132181,77.0
58700,356.372432971,77.0
58800,356.696190192,77.0
58900,357.031992234,77.0
59000,357.423195134,77.0
59100,357.922498867,77.0
59200,358.374435744,77.0
59300,358.747208514,77.0
59400,359.188267664,77.0
59500,359.717981459,77.0
59600,360.169739336,77.0
59700,360.681182392,77.0
59800,361.128529929,77.0
59900,361.573762467,77.0
60000,361.974028579,77.0
60100,362.388000756,77.0
60200,362.784326186,77.0
60300,363.159671806,77.0
60400,363.593308377,77.0
60500,364.065226072,77.0
60600,364.419253485,77.0
60700,364.770631477,77.0
60800,365.114169172,77.0
60900,365.444246043,77.0
61000,365.781931293,77.0
61100,366.195356145,77.0
61200,366.649649985,77.0
61300,367.089225727,77.0
61400,367.645532783,77.0
61500,368.056896966,77.0
61600,368.464352272,77.0
61700,368.856428462,77.0
61800,369.273531826,77.0
61900,370.606507576,77.0
62000,371.581280724,77.0
62100,372.087545406,77.0
62200,373.653269023,77.0
62300,374.907004066,77.0
62400,375.658205253,77.0
62500,376.474290488,77.0
62600,377.059930583,77.0
62700,377.596696862,77.0
62800,377.934072043,77.0
62900,378.250230139,77.0
63000,378.614536593,77.0
63100,379.270786595,77.0
63200,379.755401332,77.0
63300,380.142146552,77.0
63400,380.510127428,77.0
63500,381.148923924,77.0
63600,382.132862679,77.0
63700,383.18286491,77.0
63800,384.410040652,77.0
63900,385.634023091,77.0
64000,386.173663598,77.0
64100,386.597347939,77.0
64200,387.063768684,77.0
64300,387.55078422,77.0
64400,388.000315385,77.0
64500,388.415921425,77.0
64600,388.824842398,77.0
64700,389.221785582,77.0
64800,389.647643608,77.0
64900,389.990723976,77.0
65000,390.360310513,77.0
65100,390.755876652,77.0
65200,391.195600497,77.0
65300,391.732556834,77.0
65400,392.150462744,77.0
65500,392.564488187,77.0
65600,393.050504168,77.0
65700,393.496527058,77.0
65800,393.890607145,77.0
65900,394.269296442,77.0
66000,394.665802212,77.0
66100,395.054213511,77.0
66200,395.432783311,77.0
66300,395.870408265,77.0
66400,396.234362149,77.0
66500,396.631384058,77.0
66600,397.533156342,77.0
66700,398.537557733,77.0
66800,399.49721948,77.0
66900,400.580189425,77.0
67000,401.853120273,77.0
67100,403.060676185,77.0
67200,404.001292294,77.0
67300,404.930924975,77.0
67400,405.311275764,77.0
67500,406.059314966,77.0
67600,406.537297128,77.0
67700,406.982124281,77.0
67800,407.583549749,77.0
67900,408.629702027,77.0
68000,409.411041306,77.0
68100,410.24444859,77.0
68200,410.65394648,77.0
68300,411.01584582,77.0
68400,411.404963583,77.0
68500,411.882777439,77.0
68600,412.281544524,77.0
68700,412.744143791,77.0
68800,413.141531996,77.0
68900,413.540805006,77.0
69000,413.88306879,77.0
69100,414.264047414,77.0
69200,414.646981665,77.0
69300,415.064185456,77.0
69400,417.046504592,77.0
69500,417.831245889,77.0
69600,418.257738752,77.0
69700,418.70894183,77.0
69800,419.859291145,77.0
69900,420.528809175,77.0
70000,421.317638261,77.0
70100,422.076406759,77.0
70200,422.472168468,77.0
70300,422.932059808,77.0
70400,423.346973554,77.0
70500,423.991569518,77.0
70600,424.393162782,77.0
70700,424.808990331,77.0
70800,425.376651471,77.0
70900,425.742799098,77.0
71000,426.113236699,77.0
71100,426.637997767,77.0
71200,427.79512392,77.0
71300,428.617664502,77.0
71400,429.275113841,77.0
71500,429.698746576,77.0
71600,430.062590183,77.0
71700,430.538035099,77.0
71800,431.212505318,77.0
71900,431.589025421,77.0
72000,432.002595786,77.0
72100,432.327387789,77.0
72200,432.690344634,77.0
72300,433.053404078,77.0
72400,433.405993508,77.0
72500,433.786373917,77.0
72600,434.195162547,77.0
72700,435.440777087,77.0
72800,436.595074221,77.0
72900,437.24265111,77.0
73000,437.783133486,77.0
73100,438.757034976,77.0
73200,439.615886344,77.0
73300,440.211301909,77.0
73400,440.935881539,77.0
73500,442.083597189,77.0
73600,442.709806418,77.0
73700,444.302843638,77.0
73800,445.720116196,77.0
73900,446.716848244,77.0
74000,447.924898688,77.0
74100,448.877012509,77.0
74200,449.410423355,77.0
74300,449.941098699,77.0
74400,450.388827172,77.0
74500,450.977099805,77.0
74600,451.477760578,77.0
74700,451.967206146,77.0
74800,452.353941403,77.0
74900,452.796672606,77.0
75000,453.195895827,77.0
75100,453.614859918,77.0
75200,454.020406059,77.0
75300,454.609556946,77.0
75400,455.044271775,77.0
75500,455.503734219,77.0
75600,455.947898045,77.0
75700,456.382494877,77.0
75800,456.798007778,77.0
75900,457.210962238,77.0
76000,457.699374646,77.0
76100,458.179338494,77.0
76200,458.625353432,77.0
76300,459.079568667,77.0
76400,459.550794497,77.0
76500,459.995185555,77.0
76600,460.464041939,77.0
76700,460.891782516,77.0
76800,461.3237667,77.0
76900,461.760772853,77.0
77000,462.192434667,77.0
77100,462.666007671,77.0
77200,463.078922893,77.0
77300,463.549598801,77.0
77400,463.985968174,77.0
77500,464.400120917,77.0
77600,464.964579177,77.0
77700,465.426308893,77.0
77800,465.931043757,77.0
77900,466.395576803,77.0
78000,466.817833607,77.0
78100,467.224397084,77.0
78200,467.646643434,77.0
78300,468.031806267,77.0
78400,468.428860505,77.0
78500,468.845464261,77.0
78600,469.261105399,77.0
78700,469.748257375,77.0
78800,470.17583817,77.0
78900,470.619523668,77.0
79000,470.994802176,77.0
79100,471.40909336,77.0
79200,471.856485747,77.0
79300,472.320948052,77.0
79400,472.726658358,77.0
79500,473.131289226,77.0
79600,473.524146517,77.0
79700,473.914731357,77.0
79800,474.315434723,77.0
79900,474.729902371,77.0
80000,475.231238777,77.0
80100,475.66126592,77.0
80200,476.045105743,79.0
80300,476.491527636,79.0
80400,476.852997506,79.0
80500,477.246057016,79.0
80600,477.700660119,79.0
80700,478.139131389,79.0
80800,478.573573045,79.0
80900,478.97487044,79.0
81000,479.372180476,79.0
81100,479.876948661,79.0
81200,480.303837559,79.0
81300,480.736081002,79.0
81400,481.141303803,79.0
81500,481.592449903,79.0
81600,482.020614476,79.0
81700,482.455723866,79.0
81800,482.897757162,79.0
81900,483.302227301,79.0
82000,483.751418864,79.0
82100,484.181884699,79.0
82200,484.629149558,79.0
82300,485.032378233,79.0
82400,485.417011456,79.0
82500,485.795140652,79.0
82600,486.160458284,79.0
82700,486.582102253,79.0
82800,486.985000614,79.0
82900,487.368929936,79.0
83000,487.816719541,79.0
83100,488.225557739,79.0
83200,488.668985559,79.0
83300,489.116865544,79.0
83400,489.639161668,79.0
83500,490.038950433,79.0
83600,490.443970395,79.0
83700,490.832178244,79.0
83800,491.245492385,79.0
83900,491.622248127,79.0
84000,491.990189952,79.0
84100,492.340181825,79.0
84200,492.693828583,79.0
84300,493.093260227,79.0
84400,493.494852461,79.0
84500,493.986995886,79.0
84600,494.358206514,79.0
84700,494.761409946,79.0
84800,495.181375439,79.0
84900,495.635849277,79.0
85000,496.045731174,79.0
85100,496.460988924,79.0
85200,496.876758238,79.0
85300,497.308585941,79.0
85400,497.730395212,79.0
85500,498.087067965,79.0
85600,498.464258785,79.0
85700,498.862890043,79.0
85800,499.298569978,79.0
85900,499.827562419,79.0
86000,500.267139525,79.0
86100,500.680446174,79.0
86200,501.073166985,79.0
86300,501.49913556,79.0
86400,501.912648025,79.0
86500,502.308425293,79.0
86600,502.724358023,79.0
86700,503.128835653,79.0
86800,503.511538852,79.0
86900,503.861117874,79.0
87000,504.23564351,79.0
87100,504.921903108,79.0
87200,505.639275693,79.0
87300,506.018733707,79.0
87400,506.390210052,79.0
87500,506.815791079,79.0
87600,507.246459768,79.0
87700,507.607863018,79.0
87800,507.963383697,79.0
87900,508.331814739,79.0
88000,508.692699126,79.0
88100,509.048040231,79.0
88200,509.401336162,79.0
88300,509.777519763,79.0
88400,510.11940405,79.0
88500,510.467678332,79.0
88600,510.858097963,79.0
88700,511.215515191,79.0
88800,511.593600481,79.0
88900,511.951007445,79.0
89000,512.316796614,79.0
89100,512.718342626,79.0
89200,513.211656542,79.0
89300,513.672066925,79.0
89400,514.154960231,79.0
89500,514.58607123,79.0
89600,515.102383224,79.0
89700,515.554409517,79.0
89800,515.96210127,79.0
89900,516.407898221,79.0
90000,516.820274289,79.0
90100,517.230807141,79.0
90200,517.650534618,79.0
90300,518.05108944,79.0
90400,518.445983138,79.0
90500,518.946857615,79.0
90600,519.48190254,79.0
90700,519.93094562,79.0
90800,520.378443656,79.0
90900,520.768692559,79.0
91000,521.193330975,79.0
91100,521.650610537,79.0
91200,522.066702927,79.0
91300,522.477538256,79.0
91400,522.874265675,79.0
91500,523.287264848,79.0
91600,523.790803291,79.0
91700,524.178332316,79.0
91800,524.596765201,79.0
91900,525.013831754,79.0
92000,525.454963249,79.0
92100,525.950939072,79.0
92200,526.352376919,79.0
92300,526.786018399,79.0
92400,527.157068988,79.0
92500,527.530671068,79.0
92600,527.876197727,79.0
92700,528.236834534,79.0
92800,528.689197723,79.0
92900,529.088401686,79.0
93000,529.542265381,79.0
93100,530.026253876,79.0
93200,530.453507123,79.0
93300,530.85077755,79.0
93400,531.233993333,79.0
93500,531.679824841,79.0
93600,532.097872973,79.0
93700,532.505336078,79.0
93800,532.864161378,79.0
93900,533.262390809,79.0
94000,533.691617681,79.0
94100,534.058590461,79.0
94200,534.433944822,79.0
94300,534.83847136,79.0
94400,535.240753051,79.0
94500,535.656645283,79.0
94600,536.045169911,79.0
94700,536.461190141,79.0
94800,536.834985965,79.0
94900,537.225752407,79.0
95000,537.6331716,79.0
95100,538.052693101,79.0
95200,538.457614693,79.0
95300,538.871523013,79.0
95400,539.261614439,79.0
95500,539.653566452,79.0
95600,540.076935114,79.0
95700,540.584118846,79.0
95800,541.09841513,79.0
95900,541.648681861,79.0
96000,542.096045348,79.0
96100,542.586486888,79.0
96200,543.014328874,79.0
96300,543.500387655,79.0
96400,543.968883001,79.0
96500,544.429409995,79.0
96600,544.87703758,79.0
96700,545.328297136,79.0
96800,545.710283841,79.0
96900,546.06369529,79.0
97000,546.488524728,79.0
97100,546.897807694,79.0
97200,547.264710366,79.0
97300,547.721255274,79.0
97400,548.113759803,79.0
97500,548.552833788,79.0
97600,548.955664855,79.0
97700,549.362535883,79.0
97800,549.835804325,79.0
97900,550.224902441,79.0
98000,550.726360955,79.0
98100,551.131280547,79.0
98200,551.514025024,79.0
98300,551.906489325,79.0
98400,552.258292172,79.0
98500,552.611022225,79.0
98600,552.964410923,79.0
98700,553.329411352,79.0
98800,553.713304796,79.0
98900,554.117059771,79.0
99000,554.492870137,79.0
99100,554.864752345,79.0
99200,555.261314027,79.0
99300,555.696052477,79.0
99400,556.079487778,79.0
99500,556.494574458,79.0
99600,556.900413359,79.0
99700,557.352948992,79.0
99800,557.754552516,79.0
99900,558.111078976,79.0
100000,558.503472056,79.0
100100,558.901844668,79.0
100200,559.312570557,79.0
100300,559.765392634,79.0
100400,560.191933841,79.0
100500,560.577612394,79.0
100600,560.977083115,79.0
100700,561.356561949,79.0
100800,561.807967705,79.0
100900,562.195799427,79.0
101000,562.59199981,79.0
101100,563.037857476,79.0
101200,563.431179138,79.0
101300,563.850565829,79.0
101400,564.225718668,79.0
101500,564.617499179,79.0
101600,565.032750768,79.0
101700,565.417145166,79.0
101800,565.851015353,79.0
101900,566.205938258,79.0
102000,566.57835986,79.0
102100,566.962938429,79.0
102200,567.355697669,79.0
102300,567.723436721,79.0
102400,568.079523264,79.0
102500,568.425680852,79.0
102600,568.779055405,79.0
102700,569.125101937,79.0
102800,569.526075047,79.0
102900,569.877285281,79.0
103000,570.2226744,79.0
103100,570.568788495,79.0
103200,570.984049695,79.0
103300,571.343573947,79.0
103400,571.715228962,79.0
103500,572.068592338,79.0
103600,572.455797384,79.0
103700,572.831409788,79.0
103800,573.217190076,79.0
103900,573.589488496,79.0
104000,573.934341621,79.0
104100,574.349029177,79.0
104200,574.738125238,79.0
104300,575.150542028,79.0
104400,575.531934502,79.0
104500,575.953647686,79.0
104600,576.394613067,79.0
104700,576.807090905,79.0
104800,577.227072233,79.0
104900,577.623928731,79.0
105000,578.027555824,79.0
105100,578.513530441,79.0
105200,578.934591274,79.0
105300,579.343972633,79.0
105400,579.776198564,79.0
105500,580.231054953,79.0
105600,580.650081922,79.0
105700,581.05166645,79.0
105800,581.486946106,79.0
105900,581.922049004,79.0
106000,582.333275524,79.0
106100,582.737326962,79.0
106200,583.112522184,79.0
106300,583.576583894,79.0
106400,583.987517648,79.0
106500,584.374134548,79.0
106600,584.766510134,79.0
106700,585.168112444,79.0
106800,585.622809462,79.0
106900,586.06244713,79.0
107000,586.456018477,79.0
107100,586.874131554,79.0
107200,587.236262795,79.0
107300,587.623818262,79.0
107400,587.9763326,79.0
107500,588.361464246,79.0
107600,588.792785231,79.0
107700,589.179554063,79.0
107800,589.610333016,79.0
107900,590.015223193,79.0
108000,590.416226644,79.0
108100,590.840203113,79.0
108200,591.209756479,79.0
108300,591.609451723,79.0
108400,592.015075304,79.0
108500,592.463162916,79.0
108600,592.836214986,79.0
108700,593.218905807,79.0
108800,593.614784211,79.0
108900,594.015530903,79.0
109000,594.381264314,79.0
109100,594.78244175,79.0
109200,595.185248044,79.0
109300,595.590906882,79.0
109400,595.984251814,79.0
109500,596.389326487,79.0
109600,596.796976835,79.0
109700,597.152914408,79.0
109800,597.58222389,79.0
109900,597.988707774,79.0
110000,598.379191631,79.0
110100,598.769252925,79.0
110200,599.156382302,79.0
110300,599.528918726,79.0
110400,599.907085551,79.0
110500,600.323497448,79.0
110600,600.679739451,79.0
110700,601.034240136,79.0
110800,601.389737253,79.0
110900,601.760016339,79.0
111000,602.195307998,79.0
111100,602.663108283,79.0
111200,603.113328091,79.0
111300,603.6010612,79.0
111400,604.043334064,79.0
111500,604.484079962,79.0
111600,604.928515441,79.0
111700,605.347147522,79.0
111800,605.73350136,79.0
111900,606.096986353,79.0
112000,606.492440874,79.0
112100,606.898939316,79.0
112200,607.250758186,79.0
112300,607.658002308,79.0
112400,608.095496638,79.0
112500,608.530552924,79.0
112600,608.946473352,79.0
112700,609.334166505,79.0
112800,609.798476605,79.0
112900,610.384748893,79.0
113000,610.853141532,79.0
113100,611.304509469,79.0
113200,611.754687368,79.0
113300,612.162674166,79.0
113400,612.512324081,79.0
113500,612.860024157,79.0
113600,613.233584762,79.0
113700,613.640807757,79.0
113800,614.068603566,79.0
113900,614.440422881,79.0
114000,614.834920839,79.0
114100,615.257190039,79.0
114200,615.676583886,79.0
114300,616.163686853,79.0
114400,616.580957272,79.0
114500,616.983213845,79.0
114600,617.398824242,79.0
114700,617.84103784,79.0
114800,618.190918594,79.0
114900,618.54943036,79.0
115000,618.944749162,79.0
115100,619.347270065,79.0
115200,619.849115047,79.0
115300,620.310050994,79.0
115400,620.702490612,79.0
115500,621.097666304,79.0
115600,621.604125479,79.0
115700,622.053927924,79.0
115800,622.475185207,79.0
115900,622.867813434,79.0
116000,623.276692551,79.0
116100,623.66588064,79.0
116200,624.029028172,79.0
116300,624.465706048,79.0
116400,624.909079313,79.0
116500,625.341755906,79.0
116600,625.720878272,79.0
116700,626.082235047,79.0
116800,626.429044788,79.0
116900,626.793332319,79.0
117000,627.150024188,79.0
117100,627.522181412,79.0
117200,627.880848684,79.0
117300,628.228448516,79.0
117400,628.64615164,79.0
117500,628.995178209,79.0
117600,629.343834247,79.0
117700,629.69240665,79.0
117800,630.042456273,79.0
117900,630.46445139,79.0
118000,630.853404751,79.0
118100,631.222848751,79.0
118200,631.638392304,79.0
118300,631.995875115,79.0
118400,632.367434325,79.0
118500,632.793089417,79.0
118600,633.193784702,79.0
118700,633.582491493,79.0
118800,633.94913053,79.0
118900,634.335961079,79.0
119000,634.759391802,79.0
119100,635.200849714,79.0
119200,635.614903912,79.0
119300,636.006257741,79.0
119400,636.441361946,79.0
119500,636.846324342,79.0
119600,637.245397547,79.0
119700,637.648663469,79.0
119800,638.055211848,79.0
119900,638.488535004,79.0
120000,638.873860152,79.0
120100,639.261905249,79.0
120200,639.764682171,79.0
120300,640.211927489,79.0
120400,640.627014539,79.0
120500,641.012628742,79.0
120600,641.618016432,79.0
120700,642.393641398,79.0
120800,643.062505559,79.0
120900,643.783323448,79.0
121000,644.340551606,79.0
121100,644.822466557,79.0
121200,645.328802418,79.0
121300,645.933338797,79.0
121400,646.512927568,79.0
121500,647.061300248,79.0
121600,647.525977939,79.0
121700,647.87483641,79.0
121800,648.232177646,79.0
121900,648.65013847,79.0
122000,649.033465284,79.0
122100,649.416262494,79.0
122200,649.84649413,79.0
122300,650.225890447,79.0
122400,650.86425556,79.0
122500,651.38005212,79.0
122600,651.883693326,79.0
122700,652.364462701,79.0
122800,652.891562292,79.0
122900,653.464951219,79.0
123000,653.950893212,79.0
123100,654.322210902,79.0
123200,654.701955531,79.0
123300,655.135168581,79.0
123400,655.544654124,79.0
123500,655.934446439,79.0
123600,656.354934026,79.0
123700,656.746323726,79.0
123800,657.093342245,79.0
123900,657.480372698,79.0
124000,657.875372348,79.0
124100,658.25577852,79.0
124200,658.63973494,79.0
124300,659.013395702,79.0
124400,659.399728858,79.0
124500,659.816614038,79.0
124600,660.180900272,79.0
124700,660.535311769,79.0
124800,660.902346922,79.0
124900,661.248095059,79.0
125000,661.611047058,79.0
125100,661.98004941,79.0
125200,662.433502102,79.0
125300,662.852382059,79.0
125400,663.280393271,79.0
125500,663.729889579,79.0
125600,664.182787106,79.0
125700,664.603373097,79.0
125800,665.017960455,79.0
125900,665.447383459,79.0
126000,665.819738128,79.0
126100,666.174766217,79.0
126200,666.597961283,79.0
126300,667.011553876,79.0
126400,667.368855808,79.0
126500,667.792454061,79.0
126600,668.184652758,79.0
126700,668.610627797,79.0
126800,669.032393047,79.0
126900,669.449673325,79.0
127000,669.915432905,79.0
127100,670.317571781,79.0
127200,670.710177167,79.0
127300,671.120537615,79.0
127400,671.515078592,79.0
127500,671.897697033,79.0
127600,672.241521778,79.0
127700,672.59298285,79.0
127800,672.93406075,79.0
127900,673.29656584,79.0
128000,673.667089411,79.0
128100,674.047182591,79.0
128200,674.418832292,79.0
128300,674.786019655,79.0
128400,675.179955709,79.0
128500,675.580809703,79.0
128600,675.995510882,79.0
128700,676.383645107,79.0
128800,676.806593023,79.0
128900,677.231786287,79.0
129000,677.667646204,79.0
129100,678.029683154,79.0
129200,678.377807232,79.0
129300,678.752329011,79.0
129400,679.142599576,79.0
129500,679.581316313,79.0
129600,679.993503036,79.0
129700,680.394773077,79.0
129800,680.791317574,79.0
129900,681.174962107,79.0
130000,681.60026872,79.0
130100,682.013599555,79.0
130200,682.39011207,79.0
130300,682.777241919,79.0
130400,683.172285672,79.0
130500,683.583455988,79.0
130600,683.932568456,79.0
130700,684.298918912,79.0
130800,684.701175176,79.0
130900,685.104964582,79.0
131000,685.517102324,79.0
131100,685.94791236,79.0
131200,686.358590442,79.0
131300,686.788145167,79.0
131400,687.185438672,79.0
131500,687.578529983,79.0
131600,687.925976304,79.0
131700,688.273169321,79.0
131800,688.622983841,79.0
131900,688.964067487,79.0
132000,689.304809669,79.0
132100,689.658154622,79.0
132200,690.008181305,79.0
132300,690.359101996,79.0
132400,690.715342843,79.0
132500,691.092969686,79.0
132600,691.486935606,79.0
132700,691.861843864,79.0
132800,692.232361129,79.0
132900,692.599553855,79.0
133000,692.973049119,79.0
133100,693.351671494,79.0
133200,693.742348625,79.0
133300,694.083494446,79.0
133400,694.498514079,79.0
133500,694.875714255,79.0
133600,695.29522619,79.0
133700,695.690297231,79.0
133800,696.061208073,79.0
133900,696.472663773,79.0
134000,696.852782206,79.0
134100,697.228719476,79.0
134200,697.631356486,79.0
134300,698.033396044,79.0
134400,698.41479451,79.0
134500,698.77731657,79.0
134600,699.189334463,79.0
134700,699.628778813,79.0
134800,700.03932428,79.0
134900,700.463005579,79.0
135000,700.843343525,79.0
135100,701.231560489,79.0
135200,701.631977291,79.0
135300,702.024803948,79.0
135400,702.424739692,79.0
135500,702.821201442,79.0
135600,703.201437936,79.0
135700,703.685071403,79.0
135800,704.083020563,79.0
135900,704.466174557,79.0
136000,704.855358716,79.0
136100,705.327634146,79.0
136200,705.798752054,79.0
136300,706.198317312,79.0
136400,706.580505289,79.0
136500,706.9642873,79.0
136600,707.363782001,79.0
136700,707.99691335,79.0
136800,708.416206078,79.0
136900,708.819353502,79.0
137000,709.217848894,79.0
137100,709.634688874,79.0
137200,710.042823257,79.0
137300,710.430378029,79.0
137400,710.884934267,79.0
137500,711.259928846,79.0
137600,711.667378298,79.0
137700,712.062065721,79.0
137800,712.464492964,79.0
137900,712.865686707,79.0
138000,713.248061672,79.0
138100,713.775351922,79.0
138200,714.158821063,79.0
138300,714.541068719,79.0
138400,714.919327343,79.0
138500,715.356360184,79.0
138600,715.746474627,79.0
138700,716.125122963,79.0
138800,716.493203417,79.0
138900,716.872547138,79.0
139000,717.218475459,79.0
139100,717.633995047,79.0
139200,718.060356978,79.0
139300,718.452978538,79.0
139400,718.848989986,79.0
139500,719.241561887,79.0
139600,719.614930325,79.0
139700,719.993420002,79.0
139800,720.36286178,79.0
139900,720.730494532,79.0
140000,721.069929982,79.0
140100,721.411671311,79.0
140200,721.762319397,79.0
140300,722.137558757,79.0
140400,722.565440934,79.0
140500,723.026994945,79.0
140600,723.46903712,79.0
140700,723.9420018,79.0
140800,724.377724931,79.0
140900,724.799197896,79.0
141000,725.244990476,79.0
141100,725.693012631,79.0
141200,726.036700996,79.0
141300,726.406983951,79.0
141400,726.804406068,79.0
141500,727.254555333,79.0
141600,727.67961352,79.0
141700,728.109527852,79.0
141800,728.545645078,79.0
141900,728.946795039,79.0
142000,729.36793399,79.0
142100,729.795696466,79.0
142200,730.190937936,79.0
142300,730.621146145,79.0
142400,730.992360032,79.0
142500,731.377468457,79.0
142600,731.7693563,79.0
142700,732.164324271,79.0
142800,732.583398193,79.0
142900,732.953751154,79.0
143000,733.366259258,79.0
143100,733.879561058,79.0
143200,734.275548269,79.0
143300,734.667198499,79.0
143400,735.050264512,79.0
143500,735.464243498,79.0
143600,735.880417016,79.0
143700,736.265988699,79.0
143800,736.681982956,79.0
143900,737.127378434,79.0
144000,737.706215868,79.0
144100,738.12464743,79.0
144200,738.521746502,79.0
144300,739.012932591,79.0
144400,739.798761079,79.0
144500,740.355071763,79.0
144600,740.744900243,79.0
144700,742.916474302,79.0
144800,744.09731226,79.0
144900,745.391173926,79.0
145000,746.169043889,79.0
145100,746.711120159,79.0
145200,747.224059575,79.0
145300,747.673818884,79.0
145400,748.071251694,79.0
145500,748.51519518,79.0
145600,748.953369767,79.0
145700,749.410138468,79.0
145800,749.860872498,79.0
145900,750.268939816,79.0
146000,750.894338669,79.0
146100,751.721319503,79.0
146200,752.463517905,79.0
146300,753.036700068,79.0
146400,753.499344216,79.0
146500,753.91335085,79.0
146600,754.327730871,79.0
146700,754.762185474,79.0
146800,755.165682687,79.0
146900,755.598630888,79.0
147000,756.046771977,79.0
147100,756.497715207,79.0
147200,756.898699128,79.0
147300,757.319449723,79.0
147400,757.744918334,79.0
147500,758.147200789,79.0
147600,758.623525956,79.0
147700,759.021512548,79.0
147800,759.457029765,79.0
147900,759.885042981,79.0
148000,760.320090712,79.0
148100,760.763073106,79.0
148200,761.164481788,79.0
148300,761.610308696,79.0
148400,762.022610018,79.0
148500,762.442936079,79.0
148600,762.858319811,79.0
148700,763.294880638,79.0
148800,763.762222303,79.0
148900,764.177139572,79.0
149000,764.580788679,79.0
149100,764.971327291,79.0
149200,765.381673841,79.0
149300,765.884726065,79.0
149400,766.342289328,79.0
149500,766.778226459,79.0
149600,767.162272519,79.0
149700,767.567499088,79.0
149800,767.933574359,79.0
149900,768.334942728,79.0
150000,768.766113894,79.0
150100,769.175214538,79.0
150200,769.620713365,79.0
150300,770.057782103,79.0
150400,770.50571611,79.0
150500,770.933536195,79.0
150600,771.333506479,79.0
150700,771.768911351,79.0
150800,772.207137095,79.0
150900,772.636882614,79.0
151000,773.012784746,79.0
151100,773.497329125,79.0
151200,773.893522166,79.0
151300,774.284940351,79.0
151400,774.664296834,79.0
151500,775.065356136,79.0
151600,775.549696992,79.0
151700,775.934791285,79.0
151800,776.317387789,79.0
151900,776.760212566,79.0
152000,777.123170998,79.0
152100,777.642095967,79.0
152200,778.050164572,79.0
152300,778.530285951,79.0
152400,778.943105489,79.0
152500,779.361941951,79.0
152600,779.765541518,79.0
152700,780.176655528,79.0
152800,780.551764153,79.0
152900,780.933079836,79.0
153000,781.282979428,79.0
153100,781.657682687,79.0
153200,782.053811947,79.0
153300,782.522188836,79.0
153400,782.972799885,79.0
153500,783.424200548,79.0
153600,783.913062485,79.0
153700,784.382737103,79.0
153800,784.844039356,79.0
153900,785.303640437,79.0
154000,785.774210617,79.0
154100,786.132295263,79.0
154200,786.523495708,79.0
154300,786.957342059,79.0
154400,787.367374823,79.0
154500,787.819167118,79.0
154600,788.234828617,79.0
154700,788.675369727,79.0
154800,789.101165951,79.0
154900,789.557339226,79.0
155000,789.999037214,79.0
155100,790.409777717,79.0
155200,790.818212092,79.0
155300,791.228061749,79.0
155400,791.639170507,79.0
155500,792.023842346,79.0
155600,792.377003337,79.0
155700,792.741810726,79.0
155800,793.114404869,79.0
155900,793.515112048,79.0
156000,793.892949275,79.0
156100,794.301412234,79.0
156200,794.696196073,79.0
156300,795.106009902,79.0
156400,795.555156668,79.0
156500,795.969174996,79.0
156600,796.378453541,79.0
156700,796.796847498,79.0
156800,797.198840077,79.0
156900,797.66516546,79.0
157000,798.108694736,79.0
157100,798.487510383,79.0
157200,798.923049214,79.0
157300,799.313421108,79.0
157400,799.765362698,79.0
157500,800.195765339,79.0
157600,800.628642459,79.0
157700,801.020823894,79.0
157800,801.3826104,79.0
157900,801.763468029,79.0
158000,802.145211356,79.0
158100,802.518340491,79.0
158200,802.930576516,79.0
158300,803.375303745,79.0
158400,803.816576223,79.0
158500,804.251300313,79.0
158600,804.667193542,79.0
158700,805.053087462,79.0
158800,805.478808148,79.0
158900,805.917724689,79.0
159000,806.308095482,79.0
159100,806.677871736,79.0
159200,807.050773286,79.0
159300,807.460455791,79.0
159400,807.848144295,79.0
159500,808.221310959,79.0
159600,808.639599021,79.0
159700,808.996177473,79.0
159800,809.338205485,79.0
159900,809.702197915,79.0
160000,810.051016228,79.0
160100,810.394625228,79.0
160200,810.765568963,79.0
160300,811.140010362,79.0
160400,811.50909579,79.0
160500,811.900194128,79.0
160600,812.259912762,79.0
160700,812.630915837,79.0
160800,813.003585023,79.0
160900,813.422547185,79.0
161000,813.846253455,79.0
161100,814.202507948,79.0
161200,814.60386779,79.0
161300,814.988737908,79.0
161400,815.390044041,79.0
161500,815.791582301,79.0
161600,816.168483377,79.0
161700,816.590721141,79.0
161800,817.007148249,79.0
161900,817.402332644,79.0
162000,817.826779889,79.0
162100,818.23743936,79.0
162200,818.635577781,79.0
162300,819.017196789,79.0
162400,819.458668381,79.0
162500,819.866778354,79.0
162600,820.264005789,79.0
162700,820.657661634,79.0
162800,821.032959376,79.0
162900,821.466920848,79.0
163000,821.887422471,79.0
163100,822.288270581,79.0
163200,822.676135092,79.0
163300,823.082813498,79.0
163400,823.69813331,79.0
163500,824.377005254,79.0
163600,824.776652144,79.0
163700,825.765421627,79.0
163800,826.211907292,79.0
163900,826.644156747,79.0
164000,827.051610077,79.0
164100,827.429489501,79.0
164200,827.804331382,79.0
164300,828.14827366,79.0
164400,828.510381742,79.0
164500,828.899777838,79.0
164600,829.295445942,79.0
164700,829.70718197,79.0
164800,830.123098273,79.0
164900,830.528728385,79.0
165000,830.960507338,79.0
165100,831.348864218,79.0
165200,831.721880924,79.0
165300,832.11505105,79.0
165400,832.524577733,79.0
165500,832.899274781,79.0
165600,833.280137907,79.0
165700,833.675969402,79.0
165800,834.092669867,79.0
165900,834.461431005,79.0
166000,834.912180989,79.0
166100,835.392960983,79.0
166200,835.781848393,79.0
166300,836.15113776,79.0
166400,836.529201639,79.0
166500,836.914722326,79.0
166600,837.257311511,79.0
166700,837.68579337,79.0
166800,838.08419809,79.0
166900,838.479793977,79.0
167000,838.926785279,79.0
167100,839.323741531,79.0
167200,839.709264522,79.0
167300,840.091192388,79.0
167400,840.458312952,79.0
167500,840.846330169,79.0
167600,841.19272445,79.0
167700,841.54111018,79.0
167800,841.891480569,79.0
167900,842.287728343,79.0
168000,842.73357705,79.0
168100,843.161381608,79.0
168200,843.630310711,79.0
168300,844.106095017,79.0
168400,844.546923623,79.0
168500,844.988328614,79.0
168600,845.527555751,79.0
168700,845.940801399,79.0
168800,846.290496743,79.0
168900,846.702634065,79.0
169000,847.165288979,79.0
169100,847.568642397,79.0
169200,847.963269739,79.0
169300,848.363900081,79.0
169400,848.788472123,79.0
169500,849.186394655,79.0
169600,849.618129838,79.0
169700,850.041373558,79.0
169800,850.420973429,79.0
169900,850.798610346,79.0
170000,851.197571921,79.0
170100,851.60481756,79.0
170200,851.966975813,79.0
170300,852.319209086,79.0
170400,852.67017059,79.0
170500,853.014399584,79.0
170600,853.379356892,79.0
170700,853.761275651,79.0
170800,854.152681972,79.0
170900,854.543176186,79.0
171000,854.923908498,79.0
171100,855.359739052,79.0
171200,855.79661617,79.0
171300,856.203399861,79.0
171400,856.611703318,79.0
171500,857.024430804,79.0
171600,857.485768322,79.0
171700,857.909664949,79.0
171800,858.254556523,79.0
171900,858.608259431,79.0
172000,858.993019404,79.0
172100,859.381769807,79.0
172200,859.801313635,79.0
172300,860.22666305,79.0
172400,860.65708744,79.0
172500,861.052144528,79.0
172600,861.408857926,79.0
172700,861.774253894,79.0
172800,862.161007039,79.0
172900,862.531923697,79.0
173000,862.901818565,79.0
173100,863.31979183,79.0
173200,863.741142257,79.0
173300,864.144839731,79.0
173400,864.571388936,79.0
173500,864.961546378,79.0
173600,865.35472014,79.0
173700,865.798787062,79.0
173800,866.191745489,79.0
173900,866.539143362,79.0
174000,866.898847796,79.0
174100,867.260379533,79.0
174200,867.687440856,79.0
174300,868.043691465,79.0
174400,868.388688968,79.0
174500,868.736793208,79.0
174600,869.08075229,79.0
174700,869.420830546,79.0
174800,869.779347764,79.0
174900,870.122326938,79.0
175000,870.463719259,79.0
175100,870.828328699,79.0
175200,871.213903536,79.0
175300,871.59279876,79.0
175400,871.968128517,79.0
175500,872.32246253,79.0
175600,872.733259007,79.0
175700,873.108642807,79.0
175800,873.516406769,79.0
175900,873.89584073,79.0
176000,874.283485118,79.0
176100,874.725571339,79.0
176200,875.11901626,79.0
176300,875.63314309,79.0
176400,876.039537132,79.0
176500,876.548088276,79.0
176600,876.964156295,79.0
176700,877.375549238,79.0
176800,877.897590021,79.0
176900,878.466455479,79.0
177000,878.927983523,79.0
177100,879.373008927,79.0
177200,879.799950467,79.0
177300,880.206621135,79.0
177400,880.64966586,79.0
177500,881.037579608,79.0
177600,881.461634918,79.0
177700,881.876783036,79.0
177800,882.265358497,79.0
177900,882.667443639,79.0
178000,883.109346087,79.0
178100,883.534678222,79.0
178200,883.958865691,79.0
178300,884.356109398,79.0
178400,884.754850067,79.0
178500,885.133671994,79.0
178600,885.540508276,79.0
178700,885.997777049,79.0
178800,886.479395821,79.0
178900,886.895740931,79.0
179000,887.265150131,79.0
179100,887.659656916,79.0
179200,888.005223537,79.0
179300,888.381280538,79.0
179400,888.77739055,79.0
179500,889.173270942,79.0
179600,889.585313765,79.0
179700,890.005778958,79.0
179800,890.393389848,79.0
179900,890.790308271,79.0
180000,891.194588284,79.0
180100,891.585534322,79.0
180200,891.978411223,79.0
180300,892.389885597,79.0
180400,892.799122487,79.0
180500,893.16432257,79.0
180600,893.591390839,79.0
180700,893.974105815,79.0
180800,894.341734892,79.0
180900,894.723402549,79.0
181000,895.133551884,79.0
181100,895.585611667,79.0
181200,895.967650385,79.0
181300,896.356921594,79.0
181400,896.737302885,79.0
181500,897.106440326,79.0
181600,897.503787569,79.0
181700,897.908044665,79.0
181800,898.306681145,79.0
181900,898.700375058,79.0
182000,899.098263307,79.0
182100,899.499293019,79.0
182200,899.874429182,79.0
182300,900.262885384,79.0
182400,900.621513467,79.0
182500,900.992153749,79.0
182600,901.347747495,79.0
182700,901.715186369,79.0
182800,902.069178884,79.0
182900,902.479438025,79.0
183000,903.011701089,79.0
183100,903.478449373,79.0
183200,903.955117736,79.0
183300,904.385672382,79.0
183400,904.944827684,79.0
183500,905.578548656,79.0
183600,906.110597073,79.0
183700,906.466587178,79.0
183800,906.835289556,79.0
183900,907.234993514,79.0
184000,907.699266174,79.0
184100,908.121196004,79.0
184200,908.511569768,79.0
184300,908.915614164,79.0
184400,909.314836531,79.0
184500,909.757948632,79.0
184600,910.178754272,79.0
184700,910.57325015,79.0
184800,911.033464393,79.0
184900,911.486926868,79.0
185000,911.864203564,79.0
185100,912.211079137,79.0
185200,912.556784157,79.0
185300,912.928039512,79.0
185400,913.292363223,79.0
185500,913.682181875,79.0
185600,914.055455384,79.0
185700,914.440027502,79.0
185800,914.809844415,79.0
185900,915.183974889,79.0
186000,915.626864845,79.0
186100,916.060978235,79.0
186200,916.486421325,79.0
186300,916.882415954,79.0
186400,917.316683574,79.0
186500,917.929224317,79.0
186600,918.350416285,79.0
186700,918.713879002,79.0
186800,919.195136407,79.0
186900,919.620565318,79.0
187000,920.057379368,79.0
187100,920.498772294,79.0
187200,920.922902917,79.0
187300,921.291976621,79.0
187400,921.694680687,79.0
187500,922.056333177,79.0
187600,922.426950967,79.0
187700,922.791675813,79.0
187800,923.221391637,79.0
187900,923.674079479,79.0
188000,924.059956522,79.0
188100,924.627151091,79.0
188200,925.077731037,79.0
188300,925.55249245,79.0
188400,926.003010939,79.0
188500,926.410463371,79.0
188600,926.76467685,79.0
188700,927.120973079,79.0
188800,927.515646462,79.0
188900,927.913791051,79.0
189000,928.267763442,79.0
189100,928.613517874,79.0
189200,928.953222668,79.0
189300,929.293755424,79.0
189400,929.662182669,79.0
189500,930.043045727,79.0
189600,930.404024833,79.0
189700,930.784906655,79.0
189800,931.14962654,79.0
189900,931.523009834,79.0
190000,931.886669153,79.0
190100,932.247951897,79.0
190200,932.617764275,79.0
190300,933.012396016,79.0
190400,933.396899831,79.0
190500,933.793266886,79.0
190600,934.167413192,79.0
190700,934.567100457,79.0
190800,934.95009021,79.0
190900,935.348525222,79.0
191000,935.798069917,79.0
191100,936.16371013,79.0
191200,936.57806047,79.0
191300,936.99692072,79.0
191400,937.381251714,79.0
191500,937.822597886,79.0
191600,938.234131551,79.0
191700,938.753395368,79.0
191800,939.184452595,79.0
191900,939.664990315,79.0
192000,940.110666403,79.0
192100,940.5647783,79.0
192200,940.970736951,79.0
192300,941.508594562,79.0
192400,942.330606207,79.0
192500,942.796102779,79.0
192600,943.224435165,79.0
192700,943.69404124,79.0
192800,944.100924623,79.0
192900,944.520697356,79.0
193000,944.905440956,79.0
193100,945.279991895,79.0
193200,945.684130908,79.0
193300,946.104086482,79.0
193400,946.523695868,79.0
193500,946.930602947,79.0
193600,947.314328463,79.0
193700,947.707039696,79.0
193800,948.062567521,79.0
193900,948.412350669,79.0
194000,948.811340413,79.0
194100,949.198246359,79.0
194200,949.619489575,79.0
194300,950.025735715,79.0
194400,950.433861229,79.0
194500,950.842998844,79.0
194600,951.249601589,79.0
194700,951.638235195,79.0
194800,952.034802024,79.0
194900,952.461856413,79.0
195000,952.843312698,79.0
195100,953.209693097,79.0
195200,953.762492261,79.0
195300,954.149417762,79.0
195400,954.521549599,79.0
195500,954.89722893,79.0
195600,955.303938592,79.0
195700,955.727333247,79.0
195800,956.108870258,79.0
195900,956.464584241,79.0
196000,956.855684832,79.0
196100,957.209167728,79.0
196200,957.623844415,79.0
196300,958.043073148,79.0
196400,958.47922461,79.0
196500,958.921582242,79.0
196600,959.306930821,79.0
196700,959.723213871,79.0
196800,960.104989527,79.0
196900,960.477129348,79.0
197000,960.863329271,79.0
197100,961.20740638,79.0
197200,961.579103922,79.0
197300,961.933193485,79.0
197400,962.298952526,79.0
197500,962.718317836,79.0
197600,963.142629412,79.0
197700,963.595824351,79.0
197800,964.021787768,79.0
197900,964.492465987,79.0
198000,964.930316282,79.0
198100,965.373368375,79.0
198200,965.822726443,79.0
198300,966.230992997,79.0
198400,966.602034398,79.0
198500,966.996095242,79.0
198600,967.403943471,79.0
198700,967.788270947,79.0
198800,968.226237767,79.0
198900,968.6522207,79.0
199000,969.094260192,79.0
199100,969.615242778,79.0
199200,970.025155516,79.0
199300,970.444578525,79.0
199400,970.838278375,79.0
199500,971.212126508,79.0
199600,971.660853054,79.0
199700,972.006052876,79.0
199800,972.359493632,79.0
199900,972.711299224,79.0
