opt.prob.MIMIC@711f39f9 iteration number, training time, fitness,
0,0.234688744,0.03958111454976022
100,3.22310737,0.07427564925058874
200,5.507532617,0.08627656334901017
300,8.804613771,0.08935851644188572
400,11.977675578,0.09255650764562566
500,14.0588747,0.0976352580169138
600,15.969421556,0.09866258396251035
700,17.996160268,0.09903864919288193
800,20.852344145,0.10176321056570571
900,23.939201739,0.10420475741312113
1000,26.127731564,0.10715543810126654
1100,28.367495011,0.10800392505424
1200,30.753566006,0.11179150839812324
1300,32.649635549,0.11244568237915246
1400,34.572002175,0.11401423513021032
1500,36.451295278,0.11415432105447289
1600,38.229452651,0.1162515260027398
1700,40.274274286,0.11699576010302673
1800,42.246802046,0.1182359754584921
1900,44.278301299,0.11790273489845825
2000,46.045137943,0.11784054067277694
2100,47.816674446,0.12031431240023001
2200,49.803337765,0.12050814345312724
2300,51.657911089,0.120339983803056
2400,53.577485979,0.12044176836541974
2500,55.374010334,0.122200263650792
2600,57.248888534,0.12214821462663303
2700,59.051556967,0.12236112016657363
2800,60.959787627,0.12227635574982613
2900,63.251895995,0.12245086957277986
3000,65.542823867,0.12216680475105696
3100,68.096712066,0.12286076589922776
3200,70.250370243,0.12289765202463723
3300,72.411272429,0.1248133309746773
3400,75.790501472,0.1247049986815408
3500,78.158391897,0.1250060007578563
3600,80.137639346,0.12468216184840773
3700,82.165434808,0.12507412162072623
3800,84.066005262,0.1251866277081663
3900,86.087210214,0.12552122488993495
4000,88.044023284,0.12600281830382942
4100,89.973625848,0.12586458742183004
4200,92.086137429,0.12654057726424534
4300,95.5054531,0.12599840903992696
4400,98.042505115,0.12635353143085476
4500,100.143775525,0.1265050790325453
4600,102.523603148,0.12628419246650485
4700,105.412145542,0.12638306863999207
4800,107.939620025,0.12636142602178357
4900,110.370026807,0.12647777777222802
5000,112.919121873,0.12627470744570699
5100,115.31711632,0.12635728204563462
5200,118.284584386,0.12643651175777182
5300,121.295381714,0.12601088845359226
5400,123.327607266,0.1263612883870502
5500,125.454453273,0.1264818763979099
5600,127.473296945,0.12620259262696068
5700,129.451630331,0.12639455008731004
5800,132.97872596,0.12657408949706975
5900,135.912997872,0.12644430965912637
6000,139.135438898,0.12628832690356265
6100,141.027033729,0.1259280120427684
6200,142.965355447,0.12615128717546084
6300,144.953920284,0.1263547127189608
6400,147.174386364,0.12622528469054206
6500,149.424729965,0.12627605178451645
6600,151.34500609,0.12625344347847584
6700,153.164431777,0.12642121545529078
6800,155.087021587,0.12649667709302942
6900,157.230729741,0.12702589212441615
7000,159.439521606,0.12701141438227204
7100,161.924843584,0.12677845542822272
7200,164.335601696,0.12695633813075563
7300,166.734711232,0.12707131204163502
7400,168.716417769,0.12704117776450768
7500,171.107111724,0.1272463396385187
7600,175.378458177,0.12705718611084837
7700,178.448382481,0.12701449262208775
7800,181.97643936,0.12687174201052598
7900,185.438370214,0.12684431146920278
8000,188.449722825,0.12727933508817654
8100,190.458696528,0.1269823138684977
8200,192.508126135,0.12696145525739322
8300,195.619099913,0.12689314329926885
8400,199.154313877,0.12718324815254983
8500,201.827874768,0.12714359192008196
8600,208.278103001,0.1270696193533266
8700,214.934944957,0.1273637255046879
8800,218.152272144,0.1270502277810691
8900,221.505392077,0.12708891654383822
9000,227.683853971,0.1272188900877081
9100,235.380326493,0.12696244536083726
9200,238.210177601,0.12701449262208775
9300,240.698828679,0.126799757075699
9400,242.814304578,0.12684469609806953
9500,245.206152442,0.12699204056943433
9600,247.444692068,0.1272836187685514
9700,249.604514907,0.1270782211940089
9800,251.812240145,0.12696295757037845
9900,253.972428394,0.12698431577856856
10000,256.433498893,0.1270809780713652
10100,258.808672715,0.12675516852258362
10200,261.193997301,0.1270311208747723
10300,262.970640299,0.12736679870539794
10400,264.7699321,0.12698474285298791
10500,266.538665084,0.12701331467747498
10600,268.361419566,0.12717414943959163
10700,270.172925594,0.12704658553146236
10800,272.015101881,0.12690829871531667
10900,273.889538621,0.1269721098696408
11000,276.591295145,0.12713880253673254
11100,279.499136025,0.12699496552127038
11200,282.740959331,0.12686060726806278
11300,284.990209829,0.1270561934435941
11400,287.224606852,0.1270143614997838
11500,289.192416425,0.12748054437491618
11600,291.329630898,0.1267106520588852
11700,293.44234439,0.12695772677867256
11800,295.380269334,0.12720089024729467
11900,297.315899958,0.12727933508817654
12000,299.319733225,0.1271602452428383
12100,301.572654162,0.12704658553146236
12200,303.401946791,0.12684469609806953
12300,305.48585445,0.12701588254249022
12400,307.495086047,0.12693498186682986
12500,309.317451636,0.127115079486255
12600,311.169473101,0.12709597057278324
12700,312.915044525,0.12704174314520464
12800,314.666254108,0.12716666651814937
12900,316.652636513,0.1269110919365225
13000,318.531230221,0.12733205588512927
13100,320.622586973,0.12658884257634276
13200,323.089235404,0.12692165749021536
13300,325.277429141,0.12691937170486564
13400,327.126072778,0.12723083866784815
13500,329.017831412,0.12678407044732257
13600,330.865940897,0.1271884931281264
13700,332.722463903,0.12714292355163226
13800,336.79703474,0.1270744244325669
13900,340.091655526,0.1270782211940089
14000,342.214345443,0.12717779900713644
14100,346.338939283,0.127281958687988
14200,349.512987484,0.1265350860398983
14300,352.256483989,0.126985565035841
14400,358.511068998,0.12717525906208207
14500,364.017757397,0.12699806514770068
14600,368.019905371,0.1268494841813055
14700,372.014899676,0.126902363350949
14800,376.150135727,0.12689314329926885
14900,381.476767089,0.1269402063852087
15000,384.835453629,0.1269612683563226
15100,387.890885909,0.12709557325650622
15200,394.525864281,0.1270561934435941
15300,396.830684872,0.12700546293131762
15400,398.876101013,0.12715326219707793
15500,401.04142509,0.1269620184363861
15600,403.000817847,0.1271879726965799
15700,404.792584812,0.1270378318971119
15800,406.50448538,0.1270996156545824
15900,408.217972001,0.1268737243421302
16000,409.979167018,0.12725664884679366
16100,412.51922531,0.12697915093755255
16200,414.985154472,0.12690962033855643
16300,416.826181651,0.12729045800589361
16400,418.623154588,0.12703873765048262
16500,420.377114935,0.12720811582996916
16600,422.435999273,0.12709826375650712
16700,424.554902025,0.12694201881746245
16800,427.408695775,0.12673149910477588
16900,429.751464262,0.12702278588823399
17000,431.575127809,0.12726650126510383
17100,433.346198175,0.12679832378939407
17200,435.241667917,0.12700041419725208
17300,437.072815443,0.12707555472152357
17400,438.855353582,0.12726272279801656
17500,441.258587953,0.12703873765048262
17600,443.476214222,0.12705718611084837
17700,445.351331831,0.12713880253673254
17800,447.039113991,0.1269796560366036
17900,449.035542237,0.12698154646622004
18000,451.510746239,0.12733205588512927
18100,453.309330929,0.12699496552127038
18200,455.062489749,0.1268254130838484
18300,456.808270546,0.1271526138903005
18400,458.50012423,0.12689081926284212
18500,460.203956379,0.1271009117924934
18600,461.880087175,0.12725860278223947
18700,463.665256832,0.12704138320662384
18800,465.413700912,0.12687878859902008
18900,467.558794251,0.12697915093755255
19000,469.375063517,0.12720936699424862
19100,471.202962871,0.12699769846679573
19200,474.524056638,0.1270001601881247
19300,481.576024965,0.12700546293131762
19400,485.889467099,0.12706069490558658
19500,488.040423759,0.12698213554728022
19600,489.886448265,0.1270308809472147
19700,491.598792646,0.12703364389794292
19800,493.34690887,0.12731842205976024
19900,495.191953759,0.12675925041635613
20000,498.487981915,0.12706628164975758
20100,501.109371474,0.12714773417650568
20200,503.071400481,0.12724895255438018
20300,505.238934007,0.12715182131751165
20400,507.447724979,0.12688836350769833
20500,509.538450287,0.1270317683520174
20600,511.742910653,0.12729281034808762
20700,513.998003999,0.12716972912874733
20800,516.305493203,0.12718784196255362
20900,518.487404554,0.12710442300272604
21000,520.646810462,0.12701037734125245
21100,522.865665705,0.12690962033855643
21200,525.283209316,0.12715573672453845
21300,530.273651174,0.12706332437274698
21400,532.825198483,0.12712160600737962
21500,534.666599432,0.12704249590986455
21600,536.576242217,0.127100278712234
21700,538.785921734,0.12731028499288422
21800,541.036390373,0.12696295757037845
21900,543.042153452,0.12700625422362805
22000,546.710370607,0.12694390812657658
22100,551.655876926,0.1271526138903005
22200,553.802521623,0.12725664884679366
22300,556.444725166,0.12709285815735402
22400,560.709749108,0.12697316126841082
22500,564.00181969,0.12722693019141165
22600,566.842514964,0.12684506189597688
22700,570.328508319,0.12722693019141165
22800,573.56563161,0.1269508495614129
22900,575.935644242,0.12697951751136047
23000,579.085112348,0.12698431577856856
23100,581.422627845,0.12709826375650712
23200,583.171965327,0.12690089498394516
23300,584.922909903,0.12673134622190024
23400,586.951791308,0.12697690757701874
23500,589.299621888,0.12679690289626888
23600,591.500888989,0.12695772677867256
23700,594.615455124,0.12708337924509072
23800,597.066033381,0.12711675790072496
23900,600.395613721,0.1272745145001174
24000,602.101099018,0.12717604968751406
24100,603.97598696,0.1268091423177839
24200,606.190623798,0.12699509585908889
24300,609.231657907,0.12684945205489948
24400,611.382047678,0.12717525906208207
24500,613.152359185,0.12697568198975934
24600,615.048229989,0.12704658553146236
24700,617.15522339,0.1270744244325669
24800,619.686483968,0.1271710494005889
24900,621.47921545,0.12715573672453845
25000,624.212711041,0.12698431577856856
25100,627.17633778,0.12681313881959255
25200,632.973321551,0.12704212897234562
25300,637.089797323,0.12704249590986455
25400,639.425069519,0.1270834423033405
25500,644.18998857,0.12702253825511964
25600,646.205910386,0.1269560360271594
25700,648.05480946,0.12725747169864107
25800,649.822301492,0.12708337924509072
25900,651.506231448,0.12720218189006752
26000,653.253120049,0.12663246603804376
26100,654.952514359,0.12717525906208207
26200,656.695553904,0.12703873765048262
26300,658.376364081,0.12708079081822804
26400,660.185637865,0.1273043600348967
26500,661.926281664,0.12692256604945554
26600,663.61773647,0.1270971500761696
26700,665.290122522,0.12713734639784108
26800,667.035004567,0.1270731759213143
26900,668.79249564,0.12704658553146236
27000,670.455784402,0.12706332437274698
27100,672.138030862,0.12703393526966886
27200,673.849512017,0.12717031565621986
27300,675.572189322,0.12709597057278324
27400,677.2997183,0.12706836844169758
27500,679.018778782,0.12704138320662384
27600,680.748288674,0.12690266519916074
27700,682.359994918,0.12716666651814937
27800,683.982491171,0.12701449262208775
27900,685.815254219,0.12709727044729208
28000,689.320996378,0.12709310343244382
28100,696.005089901,0.1268542404972009
28200,698.834467993,0.12701588254249022
28300,701.013279999,0.12718849062861295
28400,703.038916996,0.12717586215409726
28500,705.240548532,0.1270535923307378
28600,707.346884955,0.12707152139062178
28700,709.802519062,0.1271602452428383
28800,711.626280463,0.12704249590986455
28900,713.854745646,0.1271626900268881
29000,715.666412623,0.1269110919365225
29100,717.438962957,0.12709454339071616
29200,719.258487326,0.12697051479147456
29300,721.14245865,0.1270502277810691
29400,723.506632069,0.12709033594159744
29500,725.428764521,0.12695141098525503
29600,727.244895711,0.12701696489720968
29700,729.000612263,0.12684469609806953
29800,730.682806213,0.12707555472152357
29900,732.420102453,0.1270855296589773
30000,734.631523187,0.12690089498394516
30100,736.691894504,0.1272198852988394
30200,739.376827604,0.12701696489720968
30300,741.514589143,0.12725747169864107
30400,743.16106699,0.12709495839826399
30500,745.785767664,0.1270731759213143
30600,747.687374197,0.12701331467747498
30700,750.030442559,0.1271710494005889
30800,752.512340263,0.12714773417650568
30900,755.407311223,0.12716666651814937
31000,757.583991352,0.12708079081822804
31100,759.739241156,0.12726385643918517
31200,761.443774524,0.12717031565621986
31300,763.956592876,0.12739085934789163
31400,765.778260192,0.1271491764601805
31500,767.540335112,0.12703393526966886
31600,769.879659914,0.12698652764239668
31700,772.230727448,0.12716972912874733
31800,776.916486999,0.1269590182048811
31900,779.280739844,0.12697385424665658
32000,782.801976392,0.12689081926284212
32100,785.004989777,0.1270125435505906
32200,787.150337799,0.1272173817119153
32300,789.379624274,0.1270782211940089
32400,791.471831959,0.126902363350949
32500,793.700171485,0.12723476180975962
32600,795.781796717,0.12694870370291583
32700,798.034827147,0.12697951751136047
32800,800.911489513,0.12715573672453845
32900,802.865870506,0.12702670144644337
33000,805.156993337,0.12693203422647562
33100,807.326102089,0.1270719837975406
33200,810.313888572,0.1274453943355929
33300,812.97676741,0.12707372748544762
33400,816.782566459,0.1272384148570184
33500,819.778391633,0.12714215595687287
33600,823.35166762,0.12747849463175917
33700,826.176881912,0.1278755101176658
33800,828.624157198,0.12796498599691422
33900,830.763140582,0.12784963319616965
34000,832.840645327,0.12794651885816197
34100,834.946026433,0.1277751578168502
34200,836.969614384,0.12787127152085156
34300,838.791027747,0.131576467125088
34400,841.087803333,0.13153283049354475
34500,842.924117418,0.1322109023349655
34600,844.737917304,0.13185360431177784
34700,846.590028719,0.13200991733715223
34800,848.608120744,0.13241345301854052
34900,850.63221243,0.1319724474548247
35000,852.796574992,0.13517304923783732
35100,855.021401609,0.1350622948783719
35200,857.183885276,0.13512307697606635
35300,859.231629773,0.13502289140174434
35400,862.223219672,0.1350992945321764
35500,864.101553321,0.13517714547548115
35600,866.015706656,0.13504606979093733
35700,868.155779234,0.1350139533441558
35800,871.905922675,0.1349420460128874
35900,875.239640808,0.1351579863576283
36000,877.839595906,0.13523410333000654
36100,879.647851071,0.13522031922193517
36200,881.972764377,0.13503550514145313
36300,884.884493752,0.13480860382970966
36400,887.054945005,0.13480599789474568
36500,888.984278133,0.13484481681169147
36600,890.945130746,0.13505686673302025
36700,892.870454251,0.13503007914920043
36800,894.74293983,0.13509308180710783
36900,896.488397564,0.1348621106952914
37000,898.202478067,0.13523410333000654
37100,900.021458267,0.1353664132372134
37200,901.744877124,0.1348399487470561
37300,904.669761542,0.13492324775868525
37400,906.698863514,0.1351127426335906
37500,908.55354473,0.1347233861895222
37600,910.448272084,0.13521518008331432
37700,912.525427655,0.13488509703315596
37800,914.382173046,0.13536379905921653
37900,916.492729787,0.134921973555194
38000,918.614637946,0.13522654365569436
38100,920.61872496,0.13485306306576067
38200,922.548028859,0.13525250636367903
38300,924.403456972,0.13520637879334996
38400,926.331637164,0.1350992945321764
38500,929.339828686,0.13502787125872384
38600,934.455806053,0.13514662815267342
38700,936.867132133,0.1348181132707546
38800,940.44158762,0.13505105339211365
38900,942.262673868,0.13516102786321732
39000,944.518490205,0.13511939361520772
39100,946.571058431,0.13498726868793173
39200,948.561061195,0.13510003972105186
39300,950.639036167,0.13505257917660396
39400,953.622258966,0.13523931424282978
39500,957.380510366,0.13496248667762367
39600,959.384095805,0.13490173177641288
39700,961.520893049,0.13511895716717529
39800,963.916454369,0.1349972968972898
39900,967.880507759,0.13546043922658016
40000,969.676510723,0.13528284089285667
40100,972.157394124,0.13555789219837086
40200,974.641778203,0.13553216367420648
40300,976.958683691,0.1353941385571806
40400,978.910763102,0.13553216367420648
40500,980.649567123,0.13527661127545107
40600,982.490221084,0.1354361566972738
40700,984.175010699,0.13510506425596194
40800,985.918143857,0.13539024271607975
40900,988.297436,0.13556306361086928
41000,991.465847874,0.13530280759246086
41100,993.892298202,0.13517092558835106
41200,996.673353681,0.13539158819923297
41300,1000.514958676,0.13525795024685938
41400,1002.263748492,0.13556306361086928
41500,1004.600263426,0.13546043922658016
41600,1006.655377772,0.13553370034913126
41700,1008.437544383,0.13537939240774996
41800,1011.973834438,0.1354618427567048
41900,1014.60883317,0.1352319777617095
42000,1016.716058353,0.13524247478868204
42100,1022.270904259,0.13530280759246086
42200,1026.593752548,0.1355519965977973
42300,1028.629099271,0.13541907935674172
42400,1030.923244512,0.1355571052144101
42500,1032.78148991,0.13548540446071494
42600,1034.600671998,0.13538945767749427
42700,1036.375184598,0.1355266475775882
42800,1038.183804588,0.1355519965977973
42900,1039.975645436,0.13525172292156068
43000,1041.704231193,0.1356245556286267
43100,1043.356100051,0.1355571052144101
43200,1045.03231842,0.13514534972653927
43300,1046.81254063,0.1355571052144101
43400,1048.518627046,0.13553370034913126
43500,1050.315042184,0.13524094471042938
43600,1052.089172792,0.13539024271607975
43700,1053.859127975,0.1353941385571806
43800,1055.619745851,0.13571613253865303
43900,1057.40150386,0.1353941385571806
44000,1059.122276986,0.13544161537455926
44100,1060.793356548,0.13535020700435385
44200,1062.480102615,0.1355571052144101
44300,1064.28648317,0.1355429883553556
44400,1066.061762923,0.1355571052144101
44500,1067.784705911,0.1355516372242142
44600,1069.525325269,0.13534397118128438
44700,1071.258373315,0.13541907935674172
44800,1073.291274974,0.1352479178643388
44900,1075.265195122,0.13553916689228976
45000,1079.949066346,0.13524247478868204
45100,1082.26748301,0.13537939240774996
45200,1084.035674731,0.13535020700435385
45300,1085.853870542,0.1355024985345649
45400,1087.841170742,0.1353941385571806
45500,1089.695834661,0.13537510002279307
45600,1094.369063224,0.13528284089285667
45700,1096.49888301,0.13546123847477587
45800,1099.11805189,0.13536925190527574
45900,1102.160187997,0.13527794115100697
46000,1104.549563765,0.13553916689228976
46100,1107.075025806,0.13527794115100697
46200,1109.110220738,0.13553916689228976
46300,1112.152085806,0.13537003670955683
46400,1114.62518277,0.13527794115100697
46500,1116.440529023,0.1355519965977973
46600,1118.384269437,0.13539024271607975
46700,1120.718010025,0.13546123847477587
46800,1122.908831193,0.13517304923783732
46900,1124.759071616,0.13524247478868204
47000,1126.691188297,0.13565554792696816
47100,1130.118314154,0.13503363488340397
47200,1132.123478449,0.13536925190527574
47300,1134.03652308,0.13591130078902885
47400,1136.31286883,0.1355519965977973
47500,1138.686045483,0.13564958139799776
47600,1140.687780799,0.13566102430381244
47700,1143.050598204,0.13539569769284424
47800,1144.929721808,0.13589211654497035
47900,1147.685402496,0.13546669917410287
48000,1150.102195236,0.13553916689228976
48100,1152.760800453,0.1358253927402321
48200,1155.200062148,0.13539024271607975
48300,1158.808755547,0.13568345699599005
48400,1162.306148023,0.1355769955943295
48500,1164.265396313,0.13568131727872945
48600,1166.1160218,0.1355769955943295
48700,1168.189168506,0.1356245556286267
48800,1170.305928527,0.1354639755572092
48900,1172.474746369,0.13572758667572088
49000,1174.613783015,0.13575261871255132
49100,1176.468130894,0.1359364325018858
49200,1179.804997692,0.13600861155791685
49300,1181.562151353,0.1354361566972738
49400,1183.784222022,0.13572210492367476
49500,1186.912249291,0.135869665181967
49600,1189.952084487,0.13553291364603715
49700,1192.289443673,0.13572210492367476
49800,1194.474579723,0.1359364325018858
49900,1196.797997695,0.13550796256100806
50000,1199.021919725,0.1356245556286267
50100,1201.885992207,0.13544161537455926
50200,1204.772482491,0.13553916689228976
50300,1206.545974898,0.13598350360851028
50400,1208.877995496,0.1356910822097035
50500,1210.884201246,0.1356245556286267
50600,1214.971329982,0.135869665181967
50700,1218.448479565,0.13539024271607975
50800,1221.473193084,0.13569034391795937
50900,1223.74180506,0.13568345699599005
51000,1225.886987022,0.13556798402902565
51100,1228.154285707,0.1357948462307095
51200,1231.468214589,0.13547084021607775
51300,1234.379386863,0.13527661127545107
51400,1236.300095583,0.1355519965977973
51500,1238.589679108,0.13534887570757898
51600,1241.345680427,0.13597795071281754
51700,1243.617172662,0.1354639755572092
51800,1245.96994301,0.1356245556286267
51900,1247.999980974,0.13553916689228976
52000,1250.802964158,0.13550796256100806
52100,1252.599541219,0.13575261871255132
52200,1255.051569684,0.13571613253865303
52300,1262.212259648,0.1356910822097035
52400,1264.857788074,0.135869665181967
52500,1268.684595893,0.13553916689228976
52600,1271.146910886,0.1355024985345649
52700,1274.043751134,0.13575340796828372
52800,1276.423934894,0.13553916689228976
52900,1278.420236693,0.13547084021607775
53000,1280.295331219,0.1358253927402321
53100,1282.072342532,0.13568131727872945
53200,1284.23744622,0.1359364325018858
53300,1287.241911803,0.13527661127545107
53400,1289.301279271,0.13572210492367476
53500,1291.912856854,0.13598350360851028
53600,1295.932441013,0.13553916689228976
53700,1300.174416623,0.13553916689228976
53800,1302.098085632,0.1356245556286267
53900,1304.761075015,0.13536925190527574
54000,1307.037197374,0.13539569769284424
54100,1310.188305062,0.1358253927402321
54200,1312.914299475,0.13544161537455926
54300,1315.317550501,0.1357588922493031
54400,1317.363697165,0.13566102430381244
54500,1319.399194695,0.13544161537455926
54600,1321.803403391,0.13568131727872945
54700,1325.105706453,0.13564958139799776
54800,1327.095785258,0.13556798402902565
54900,1329.933777857,0.1355024985345649
55000,1333.076357497,0.13539158819923297
55100,1335.367906241,0.13575340796828372
55200,1337.242149983,0.1357588922493031
55300,1339.13965304,0.13546669917410287
55400,1341.567838791,0.1356910822097035
55500,1344.475752268,0.13546669917410287
55600,1346.295391726,0.13565554792696816
55700,1347.960162798,0.13565554792696816
55800,1350.601510042,0.1355769955943295
55900,1353.360966755,0.13527661127545107
56000,1355.423511389,0.13571613253865303
56100,1359.133940217,0.13536925190527574
56200,1362.364599373,0.13533293991011297
56300,1364.713729777,0.1357630511747475
56400,1366.590623896,0.13553370034913126
56500,1368.440248613,0.13572210492367476
56600,1370.267381062,0.13572758667572088
56700,1372.034667652,0.1357630511747475
56800,1374.663479633,0.13579405649306975
56900,1377.576307529,0.1355429883553556
57000,1379.353334097,0.13539569769284424
57100,1381.151483581,0.1355024985345649
57200,1384.067024379,0.13591130078902885
57300,1386.248675212,0.13589211654497035
57400,1388.289257951,0.13600940379311166
57500,1390.424079901,0.13600940379311166
57600,1392.846346551,0.13547084021607775
57700,1395.125348103,0.135869665181967
57800,1398.054101932,0.1358003338604235
57900,1401.223682131,0.13565554792696816
58000,1403.49160563,0.13546123847477587
58100,1405.206665251,0.13553370034913126
58200,1406.96227193,0.13539024271607975
58300,1408.810914195,0.13544161537455926
58400,1411.011954602,0.13556798402902565
58500,1413.544516623,0.13537003670955683
58600,1415.580669804,0.1355519965977973
58700,1417.437032179,0.13547084021607775
58800,1419.250657261,0.13546123847477587
58900,1421.385345348,0.1356245556286267
59000,1423.813173803,0.13599243194811225
59100,1426.372812936,0.1357305262957799
59200,1428.210953916,0.1358815092072767
59300,1430.976638091,0.1358815092072767
59400,1433.67420213,0.13556717433651327
59500,1436.64374981,0.13582243579947825
59600,1439.004428235,0.13566827176412383
59700,1441.73864617,0.13566827176412383
59800,1443.745991352,0.13631649063482437
59900,1445.634067333,0.13618243336469507
60000,1447.420801253,0.1364721322167534
60100,1449.553761683,0.1361160507803269
60200,1451.335793754,0.13653874555643708
60300,1454.999445796,0.13629649974140765
60400,1458.872680747,0.136343183632785
60500,1461.366443928,0.13630202799165603
60600,1464.123817383,0.1360682617667393
60700,1466.166290538,0.13640420023327846
60800,1467.862065114,0.13641242068881812
60900,1469.668605123,0.13642951458029595
61000,1471.454884523,0.136343183632785
61100,1473.299943481,0.13648866890385108
61200,1475.0671176,0.13620761483528565
61300,1476.889557234,0.13631716228123777
61400,1479.683509406,0.13630805205548624
61500,1482.545591754,0.13641242068881812
61600,1485.065071258,0.13642951458029595
61700,1486.87009566,0.13604493047305422
61800,1488.830278324,0.13627123472727196
61900,1491.784500009,0.13631649063482437
62000,1494.393424603,0.1363376520436514
62100,1496.589316677,0.1363905430101408
62200,1498.762007056,0.13631649063482437
62300,1501.689657109,0.13661373498746401
62400,1504.472458472,0.13640420023327846
62500,1507.910726735,0.13628689983356915
62600,1510.811160962,0.1364721322167534
62700,1512.876783324,0.1363905430101408
62800,1515.789136982,0.13630202799165603
62900,1518.878007981,0.13632202050690467
63000,1520.777375264,0.136213630556372
63100,1522.4645535,0.13630805205548624
63200,1524.191643085,0.13629649974140765
63300,1525.876752798,0.136213630556372
63400,1527.580952101,0.13624516076953463
63500,1529.346975359,0.13600749479999102
63600,1531.133378372,0.13620761483528565
63700,1533.018748612,0.1360682617667393
63800,1534.842559291,0.136343183632785
63900,1536.80966201,0.13632202050690467
64000,1538.641470499,0.1360865469263428
64100,1540.404599434,0.13627123472727196
64200,1542.389193972,0.13622874245181427
64300,1544.278781078,0.13639866369211973
64400,1546.453208144,0.1365030163521214
64500,1548.396888727,0.1365030163521214
64600,1550.373970508,0.13630202799165603
64700,1552.375374818,0.13642397598400866
64800,1554.387928273,0.1364721322167534
64900,1556.574747787,0.13631716228123777
65000,1558.450062809,0.13608011192684655
65100,1560.281910678,0.13631649063482437
65200,1563.022667642,0.13641105483979066
65300,1566.375910719,0.13618243336469507
65400,1569.583887458,0.13641659238695056
65500,1571.794445341,0.13651868942704426
65600,1574.305414863,0.13651819531056342
65700,1576.744599591,0.13624516076953463
65800,1578.748152332,0.13627676092814697
65900,1580.822404743,0.13641105483979066
66000,1582.784318061,0.1364721322167534
66100,1584.764215651,0.136343183632785
66200,1586.55202606,0.13639866369211973
66300,1588.617984136,0.13622874245181427
66400,1590.516201503,0.13641659238695056
66500,1592.311491964,0.13650905819538234
66600,1594.351804457,0.1361160507803269
66700,1596.170087922,0.13619798228803354
66800,1598.891319613,0.1360956275663246
66900,1600.851330856,0.13617686421083103
67000,1602.921143505,0.13631716228123777
67100,1605.049155779,0.13624516076953463
67200,1607.402946607,0.136213630556372
67300,1609.270018352,0.1368088006067837
67400,1611.205795388,0.13669963550419859
67500,1613.346938263,0.13670812263910254
67600,1615.084624486,0.13666260636448205
67700,1617.626412334,0.13645846672438597
67800,1619.418154568,0.13659448467067245
67900,1621.188459021,0.13658893267205702
68000,1622.9966036,0.13668801672302702
68100,1624.829297294,0.13701128741015914
68200,1626.977223407,0.13666260636448205
68300,1628.740600941,0.13659448467067245
68400,1630.441228777,0.13688129228067844
68500,1632.690026651,0.13709980066612154
68600,1635.95388164,0.1369017990534333
68700,1638.188454574,0.13641380979828227
68800,1640.177186668,0.13680460488662913
68900,1642.264283846,0.13689014588254605
69000,1644.558094085,0.13689156845562928
69100,1646.302901316,0.13635092704081198
69200,1648.564337041,0.13672940582390386
69300,1650.62463844,0.13669357677976593
69400,1652.520654926,0.13703266510244919
69500,1654.398878579,0.13669357677976593
69600,1656.218536039,0.13681622672285224
69700,1658.046909529,0.13709980066612154
69800,1659.86844588,0.13682179721508853
69900,1661.645638013,0.13687023476063015
70000,1665.209079237,0.13693165750184624
70100,1668.322914534,0.13668752138006002
70200,1670.140636968,0.13688599228079945
70300,1671.894692333,0.13666260636448205
70400,1676.220311994,0.13659448467067245
70500,1678.3007136,0.13687023476063015
70600,1680.555207476,0.13680323117275006
70700,1682.909398904,0.13668801672302702
70800,1686.331372375,0.13688129228067844
70900,1688.066835217,0.13679076867780698
71000,1689.845106519,0.13648598971950845
71100,1691.57018276,0.13666260636448205
71200,1693.336426246,0.13637209914345158
71300,1695.172636865,0.13663638243702433
71400,1697.338000646,0.13670879815029754
71500,1699.389260815,0.1365065302699047
71600,1701.170067947,0.13688599228079945
71700,1702.903615633,0.13667836158571336
71800,1704.600271291,0.13659306826542883
71900,1706.289265086,0.13669357677976593
72000,1707.957993979,0.13679076867780698
72100,1709.842389889,0.13659448467067245
72200,1711.627102147,0.13681622672285224
72300,1713.430722365,0.13679633709713804
72400,1715.291494212,0.13666260636448205
72500,1717.082451067,0.13687023476063015
72600,1718.93807249,0.13680323117275006
72700,1721.146257224,0.13669357677976593
72800,1722.929674027,0.1366046709098674
72900,1724.708269584,0.13687571694298464
73000,1726.479821507,0.13687571694298464
73100,1728.18097891,0.13691148578549558
73200,1730.056677008,0.13670879815029754
73300,1733.117342313,0.13678260124109864
73400,1735.126169481,0.1368088006067837
73500,1737.099268374,0.13680460488662913
73600,1739.04644258,0.13657329436071136
73700,1741.242349232,0.1369017990534333
73800,1743.166333727,0.1366681643541374
73900,1746.159711126,0.13689014588254605
74000,1748.020575167,0.1364768569146926
74100,1750.285139047,0.13688599228079945
74200,1752.38847262,0.13670879815029754
74300,1754.23482976,0.1369372373978007
74400,1757.079107212,0.13643500143537882
74500,1759.416675444,0.13679076867780698
74600,1761.673082357,0.1369850104406617
74700,1763.547195538,0.13687023476063015
74800,1765.230445631,0.13670812263910254
74900,1766.922661668,0.13689156845562928
75000,1768.596384682,0.13681622672285224
75100,1770.400942402,0.13688129228067844
75200,1772.132938508,0.13658893267205702
75300,1773.989662866,0.13661986970076723
75400,1775.869910186,0.1367136843316912
75500,1777.741132587,0.13658893267205702
75600,1779.586930476,0.13681622672285224
75700,1781.337438885,0.13700707926107294
75800,1783.511064231,0.1364768569146926
75900,1785.311687188,0.13658893267205702
76000,1787.058622162,0.13680460488662913
76100,1788.801369469,0.13663638243702433
76200,1790.582068164,0.13667836158571336
76300,1792.33019529,0.1369017990534333
76400,1794.68495905,0.1366046709098674
76500,1797.452215558,0.1368088006067837
76600,1799.735171416,0.13658893267205702
76700,1802.013600272,0.13679076867780698
76800,1804.066877723,0.13688599228079945
76900,1806.0487461,0.13680460488662913
77000,1808.011364164,0.13687571694298464
77100,1810.065512028,0.13681622672285224
77200,1811.843679809,0.13670879815029754
77300,1813.957462157,0.13657324346531194
77400,1815.922067532,0.1366681643541374
77500,1817.916047891,0.13679076867780698
77600,1819.839097104,0.13668752138006002
77700,1821.576783179,0.13688599228079945
77800,1823.312343025,0.13659448467067245
77900,1824.974475532,0.13666260636448205
78000,1826.678214534,0.13670879815029754
78100,1828.803342236,0.13680460488662913
78200,1831.310632595,0.13665441079157878
78300,1834.05327801,0.1370057014779407
78400,1835.831704236,0.1366046709098674
78500,1837.983851691,0.13670879815029754
78600,1840.249918846,0.13659306826542883
78700,1842.533527045,0.13682179721508853
78800,1845.517191028,0.13670812263910254
78900,1847.379014455,0.13667836158571336
79000,1849.28359447,0.13679633709713804
79100,1851.482179001,0.13645846672438597
79200,1853.325622252,0.13670812263910254
79300,1855.390291597,0.13687023476063015
79400,1857.967809411,0.13672940582390386
79500,1860.219647122,0.13657329436071136
79600,1862.408515487,0.13687571694298464
79700,1864.980307207,0.13680323117275006
79800,1866.890024078,0.1366046709098674
79900,1868.737390003,0.1370063799331761
80000,1870.396902861,0.13670879815029754
80100,1872.106052101,0.13681622672285224
80200,1873.903466734,0.13668801672302702
80300,1876.120351424,0.13679076867780698
80400,1878.110988316,0.13663638243702433
80500,1880.053785824,0.13680460488662913
80600,1882.222373876,0.13679076867780698
80700,1884.344570439,0.13682179721508853
80800,1886.081321508,0.13681622672285224
80900,1888.520829886,0.13687023476063015
81000,1890.675143375,0.13682179721508853
81100,1892.455437075,0.1367136843316912
81200,1894.854273307,0.13687023476063015
81300,1897.636823589,0.13681622672285224
81400,1900.124473274,0.13678260124109864
81500,1902.289036179,0.13670879815029754
81600,1904.086459268,0.13689014588254605
81700,1905.940180875,0.13637209914345158
81800,1907.778941372,0.13669357677976593
81900,1910.222823825,0.13679633709713804
82000,1911.957943277,0.13661986970076723
82100,1913.722384081,0.13668752138006002
82200,1915.674330783,0.13666260636448205
82300,1917.571064029,0.13686466032365346
82400,1919.710334641,0.13703266510244919
82500,1921.831486225,0.13689572239578937
82600,1923.746709935,0.13672940582390386
82700,1926.647684656,0.13657324346531194
82800,1928.608450491,0.13679076867780698
82900,1930.367002325,0.13679076867780698
83000,1932.11412693,0.13669357677976593
83100,1933.908569554,0.1366046709098674
83200,1935.701552186,0.13640338330434437
83300,1938.486532178,0.13691148578549558
83400,1940.699526756,0.13678260124109864
83500,1942.595580976,0.13669357677976593
83600,1944.643777433,0.13679633709713804
83700,1946.738370096,0.13663638243702433
83800,1948.437309841,0.1366681643541374
83900,1950.505012802,0.13673496924838896
84000,1952.531108753,0.13663638243702433
84100,1954.51127471,0.13666260636448205
84200,1956.546368763,0.13686466032365346
84300,1958.960057399,0.13659862060025926
84400,1960.721256262,0.13670879815029754
84500,1962.498275482,0.13659862060025926
84600,1964.263939128,0.13672940582390386
84700,1966.036745106,0.13668752138006002
84800,1967.759359792,0.13670879815029754
84900,1969.480314747,0.1367136843316912
85000,1971.238759549,0.1366046709098674
85100,1972.991316261,0.13668801672302702
85200,1975.328251084,0.13689156845562928
85300,1977.844771899,0.13666260636448205
85400,1980.056294076,0.13661986970076723
85500,1982.210401635,0.13669357677976593
85600,1984.356618086,0.13659862060025926
85700,1986.878221236,0.13668752138006002
85800,1989.068750585,0.13625760943659734
85900,1991.114705843,0.13669963550419859
86000,1993.359107367,0.13702845564009672
86100,1995.824261267,0.13682586882095377
86200,1998.206332543,0.13669963550419859
86300,2000.854730466,0.13657329436071136
86400,2003.516669595,0.13663638243702433
86500,2005.528572524,0.13643500143537882
86600,2007.557997436,0.13687571694298464
86700,2011.649109916,0.13691706403756312
86800,2014.295262197,0.13679633709713804
86900,2016.599660027,0.13666260636448205
87000,2018.681863925,0.13682179721508853
87100,2023.002409838,0.13680460488662913
87200,2024.854563614,0.13659306826542883
87300,2026.738960822,0.13658893267205702
87400,2028.444292752,0.1366046709098674
87500,2030.517169465,0.13687023476063015
87600,2032.318609103,0.13679633709713804
87700,2034.434277445,0.1369372373978007
87800,2036.179684747,0.13658893267205702
87900,2037.977767946,0.13679633709713804
88000,2039.784117628,0.13666260636448205
88100,2042.920947952,0.13679076867780698
88200,2046.186587931,0.13680323117275006
88300,2048.054361678,0.1366046709098674
88400,2049.881049736,0.13656769319326076
88500,2051.603744881,0.1366046709098674
88600,2053.340775061,0.13673496924838896
88700,2055.120314394,0.13678260124109864
88800,2056.915008776,0.13670879815029754
88900,2058.760452894,0.13687023476063015
89000,2060.685518573,0.13687571694298464
89100,2062.439900628,0.13668801672302702
89200,2064.350446597,0.13679633709713804
89300,2066.134542304,0.13679633709713804
89400,2067.840202293,0.13672940582390386
89500,2069.637160934,0.13680460488662913
89600,2071.525250922,0.13656769319326076
89700,2073.380701299,0.1368088006067837
89800,2075.360786527,0.13672940582390386
89900,2078.004303028,0.1369017990534333
90000,2080.589898246,0.1369017990534333
90100,2082.487875952,0.13686466032365346
90200,2084.314905035,0.13661431563840987
90300,2086.339315011,0.13669357677976593
90400,2088.16049533,0.13679076867780698
90500,2090.023741001,0.13666260636448205
90600,2091.812783456,0.13645846672438597
90700,2093.572551627,0.13657329436071136
90800,2095.301290303,0.1368088006067837
90900,2097.133297441,0.13673496924838896
91000,2098.905192958,0.1364768569146926
91100,2100.807113692,0.13686466032365346
91200,2102.876862065,0.13666260636448205
91300,2104.714195363,0.13670812263910254
91400,2108.571225643,0.13687571694298464
91500,2111.887620034,0.13669357677976593
91600,2114.191773055,0.13678260124109864
91700,2116.028059904,0.13663638243702433
91800,2117.953543764,0.13656769319326076
91900,2120.268927359,0.13673496924838896
92000,2122.215343388,0.13657329436071136
92100,2124.652518167,0.13661986970076723
92200,2126.379510598,0.13672940582390386
92300,2128.192823304,0.13689572239578937
92400,2130.053848903,0.1366046709098674
92500,2131.928976267,0.1369850104406617
92600,2133.794205972,0.13670812263910254
92700,2135.617435259,0.13670879815029754
92800,2137.574509134,0.13661986970076723
92900,2139.345530135,0.13670879815029754
93000,2141.152271573,0.13668752138006002
93100,2143.022958396,0.13669963550419859
93200,2145.480021218,0.13688599228079945
93300,2148.012847018,0.13681622672285224
93400,2150.378938542,0.13688129228067844
93500,2152.535032412,0.13680460488662913
93600,2154.438650099,0.13682179721508853
93700,2156.250314935,0.13688599228079945
93800,2158.057377496,0.13661431563840987
93900,2160.025827498,0.13661431563840987
94000,2162.064982838,0.13717402664551473
94100,2163.849267753,0.13680323117275006
94200,2165.618979565,0.13680323117275006
94300,2167.323659485,0.13668752138006002
94400,2169.10075911,0.13688129228067844
94500,2170.778948698,0.13651207557150158
94600,2172.48054085,0.13678260124109864
94700,2174.473763451,0.13673496924838896
94800,2176.595168388,0.13682179721508853
94900,2178.760648154,0.13667836158571336
95000,2181.28234194,0.13661986970076723
95100,2183.693816148,0.13687023476063015
95200,2185.408682143,0.13648598971950845
95300,2187.160530205,0.13680323117275006
95400,2188.881107453,0.1367136843316912
95500,2190.747489927,0.1367136843316912
95600,2192.915192535,0.13678260124109864
95700,2195.460543939,0.13667836158571336
95800,2197.317380196,0.1369017990534333
95900,2199.31926701,0.13669357677976593
96000,2201.682353917,0.1370839938855928
96100,2203.600907614,0.13659448467067245
96200,2205.437603122,0.13679633709713804
96300,2207.884204387,0.13689572239578937
96400,2209.869598502,0.13687023476063015
96500,2213.488980785,0.1369109888215509
96600,2215.316486618,0.13679633709713804
96700,2217.199555549,0.13680460488662913
96800,2219.230309032,0.1366046709098674
96900,2221.072793322,0.1366046709098674
97000,2222.801812205,0.13682179721508853
97100,2224.544470209,0.13689572239578937
97200,2226.296086604,0.1369850104406617
97300,2227.991960656,0.1366681643541374
97400,2229.728962297,0.1366046709098674
97500,2231.37046197,0.1367136843316912
97600,2233.08353892,0.13669357677976593
97700,2234.826406025,0.13670879815029754
97800,2236.565220641,0.13663638243702433
97900,2238.322029335,0.13659448467067245
98000,2240.129352887,0.13673496924838896
98100,2242.123419352,0.13682179721508853
98200,2249.752703499,0.1365065302699047
98300,2256.991910528,0.1369850104406617
98400,2259.688462345,0.13679076867780698
98500,2263.998009698,0.13680460488662913
98600,2271.750335778,0.13658893267205702
98700,2277.686062869,0.13672940582390386
98800,2282.080185961,0.13640338330434437
98900,2287.144453064,0.13656769319326076
99000,2293.502231303,0.13658893267205702
99100,2296.028498851,0.13689014588254605
99200,2298.130449337,0.13659306826542883
99300,2300.796790609,0.1365065302699047
99400,2302.584120898,0.13681622672285224
99500,2304.247588377,0.1367136843316912
99600,2305.906273696,0.13667836158571336
99700,2307.600216222,0.13666260636448205
99800,2309.405121444,0.13708870781631546
99900,2311.059818335,0.13657324346531194
100000,2312.738542072,0.13688599228079945
100100,2314.818298124,0.13672940582390386
100200,2316.480232247,0.13688129228067844
100300,2318.142893969,0.13639181482636512
100400,2319.800875679,0.13673496924838896
100500,2321.454692352,0.13678260124109864
100600,2323.147525205,0.13667836158571336
100700,2325.316421096,0.13689014588254605
100800,2327.175730186,0.13661431563840987
100900,2329.446051012,0.13687023476063015
101000,2331.220856555,0.1369372373978007
101100,2332.992459757,0.13670879815029754
101200,2334.793900855,0.1366681643541374
101300,2336.572436246,0.13659306826542883
101400,2338.338526533,0.13679633709713804
101500,2340.168525936,0.13687023476063015
101600,2342.076464837,0.13643314163314843
101700,2343.902733693,0.1368088006067837
101800,2345.704487487,0.13682179721508853
101900,2347.510155118,0.1368088006067837
102000,2349.322856235,0.1366681643541374
102100,2351.106535155,0.13659448467067245
102200,2352.868195721,0.13668752138006002
102300,2354.660285333,0.1367136843316912
102400,2356.568123325,0.13686466032365346
102500,2359.661042598,0.1366681643541374
102600,2361.698478307,0.13670879815029754
102700,2363.352117449,0.13667836158571336
102800,2365.651892543,0.13663638243702433
102900,2367.479533765,0.1368088006067837
103000,2369.178292826,0.13667836158571336
103100,2370.846934838,0.13670812263910254
103200,2372.491723367,0.13672940582390386
103300,2374.803252558,0.13691148578549558
103400,2377.005372622,0.13669963550419859
103500,2379.766148424,0.13682179721508853
103600,2381.590287225,0.13673496924838896
103700,2383.397865434,0.13688129228067844
103800,2386.230858321,0.13679076867780698
103900,2387.950939555,0.13689572239578937
104000,2389.83194769,0.13679633709713804
104100,2391.563963363,0.13679633709713804
104200,2393.28646272,0.13673496924838896
104300,2395.044075231,0.13701128741015914
104400,2396.746380097,0.1366681643541374
104500,2398.507809257,0.13679076867780698
104600,2400.318860631,0.13672940582390386
104700,2402.04926938,0.13680460488662913
104800,2403.939184385,0.1367136843316912
104900,2406.009538465,0.13681622672285224
105000,2407.731033965,0.1365065302699047
105100,2409.96539325,0.13673496924838896
105200,2412.147206299,0.13670879815029754
105300,2414.71798183,0.13687571694298464
105400,2416.838047617,0.13681622672285224
105500,2419.431587278,0.13708870781631546
105600,2421.668964885,0.13678260124109864
105700,2423.283672517,0.13688129228067844
105800,2424.936208119,0.13668752138006002
105900,2426.57474429,0.13680323117275006
106000,2428.575807794,0.13669963550419859
106100,2430.340870185,0.13672940582390386
106200,2432.561842433,0.13689014588254605
106300,2434.391318915,0.13670879815029754
106400,2436.629841286,0.13709980066612154
106500,2438.652770957,0.13651207557150158
106600,2440.374165234,0.1366046709098674
106700,2442.031884536,0.13667836158571336
106800,2444.079417193,0.1368088006067837
106900,2446.345674868,0.13651207557150158
107000,2448.411128285,0.13680323117275006
107100,2450.572344632,0.13691706403756312
107200,2454.091585081,0.13670879815029754
107300,2456.80958778,0.13659448467067245
107400,2459.135032115,0.13669357677976593
107500,2461.140576922,0.13666260636448205
107600,2463.525421033,0.13670879815029754
107700,2466.144805571,0.13680460488662913
107800,2468.6176134,0.1368088006067837
107900,2470.468398815,0.13679076867780698
108000,2472.43121555,0.13663638243702433
108100,2474.48855977,0.1368088006067837
108200,2476.675553289,0.13688599228079945
108300,2480.387887035,0.13687571694298464
108400,2482.764649577,0.13681622672285224
108500,2484.441679096,0.13668752138006002
108600,2486.113182747,0.13670879815029754
108700,2487.768067481,0.13672940582390386
108800,2490.290876522,0.13666260636448205
108900,2493.686392894,0.13668752138006002
109000,2496.389161701,0.13689156845562928
109100,2498.852821014,0.13648598971950845
109200,2500.521604074,0.13672940582390386
109300,2502.673634322,0.13680460488662913
109400,2504.586029383,0.13679633709713804
109500,2507.068079893,0.13659862060025926
109600,2508.823002488,0.13661986970076723
109700,2510.667410641,0.13669357677976593
109800,2512.511580151,0.13701128741015914
109900,2514.305125914,0.13663638243702433
110000,2516.804103167,0.13672940582390386
110100,2518.892069315,0.13687571694298464
110200,2521.552053485,0.13673496924838896
110300,2523.857500277,0.13686466032365346
110400,2526.010244826,0.13661431563840987
110500,2527.757636434,0.13658893267205702
110600,2529.714893591,0.13666260636448205
110700,2532.376841997,0.13672940582390386
110800,2535.133580401,0.1367136843316912
110900,2537.705301451,0.13689156845562928
111000,2539.608567742,0.13669357677976593
111100,2541.427777793,0.13657329436071136
111200,2543.937317852,0.13681622672285224
111300,2545.853799307,0.13651207557150158
111400,2548.211348571,0.13670879815029754
111500,2550.395340732,0.13679633709713804
111600,2552.450757708,0.13663638243702433
111700,2554.256700049,0.13689156845562928
111800,2555.868799802,0.1367136843316912
111900,2557.616466234,0.13661431563840987
112000,2559.780692833,0.13679076867780698
112100,2561.686979677,0.13708870781631546
112200,2564.237309526,0.1367136843316912
112300,2566.345257556,0.1368088006067837
112400,2568.16619988,0.13680323117275006
112500,2570.492202748,0.1366681643541374
112600,2572.577284023,0.1369017990534333
112700,2575.130263785,0.13658893267205702
112800,2577.344706077,0.1368088006067837
112900,2580.6481259,0.1368088006067837
113000,2582.749478808,0.13667836158571336
113100,2585.321463295,0.1370063799331761
113200,2587.970376619,0.13702845564009672
113300,2590.326642726,0.13668752138006002
113400,2592.868850881,0.13670812263910254
113500,2595.333884985,0.13687023476063015
113600,2597.202588416,0.13667836158571336
113700,2599.057167627,0.13693165750184624
113800,2600.812064153,0.13680323117275006
113900,2602.663645589,0.13667836158571336
114000,2604.399946347,0.13682179721508853
114100,2606.742779601,0.13661986970076723
114200,2608.750287668,0.13668752138006002
114300,2611.012074884,0.13669357677976593
114400,2613.177725665,0.13680460488662913
114500,2614.993457632,0.13681622672285224
114600,2617.096849874,0.13659306826542883
114700,2619.306028379,0.13669357677976593
114800,2621.163838092,0.13648598971950845
114900,2622.947229536,0.13669357677976593
115000,2624.962741434,0.13678260124109864
115100,2627.231614303,0.13669963550419859
115200,2629.631649027,0.13673496924838896
115300,2631.816465185,0.13688599228079945
115400,2633.650824722,0.1366681643541374
115500,2636.411234884,0.13680323117275006
115600,2638.318322493,0.13623647286589535
115700,2640.093197174,0.13691706403756312
115800,2641.816223685,0.13643314163314843
115900,2644.33708537,0.1371026043661525
116000,2646.776283829,0.1369109888215509
116100,2648.812940324,0.13681622672285224
116200,2650.97078176,0.13666260636448205
116300,2652.893762821,0.13687571694298464
116400,2656.350736927,0.13673496924838896
116500,2658.960168744,0.13679076867780698
116600,2660.729950155,0.1370270774269989
116700,2662.519266892,0.13682179721508853
116800,2664.802720069,0.13669357677976593
116900,2667.469070653,0.13659306826542883
117000,2669.297723119,0.13688129228067844
117100,2671.303691067,0.13688599228079945
117200,2673.533376534,0.1368088006067837
117300,2675.904966601,0.1366681643541374
117400,2677.79402851,0.13668752138006002
117500,2679.69501832,0.13669963550419859
117600,2681.423971478,0.1369109888215509
117700,2683.37433904,0.13641380979828227
117800,2685.619097711,0.13661431563840987
117900,2687.906457333,0.13669357677976593
118000,2689.79174982,0.13658893267205702
118100,2691.74237748,0.13680460488662913
118200,2693.572149409,0.13670812263910254
118300,2695.39947853,0.13707840202345545
118400,2697.217502621,0.1369109888215509
118500,2699.045341983,0.13670879815029754
118600,2701.758665588,0.13659306826542883
118700,2703.852872726,0.13669357677976593
118800,2705.953553014,0.13673496924838896
118900,2707.914168579,0.13679633709713804
119000,2712.048714876,0.13667836158571336
119100,2715.192875203,0.13661431563840987
119200,2717.512075445,0.1367136843316912
119300,2724.550632561,0.13669963550419859
119400,2726.806813433,0.13689572239578937
119500,2728.583525253,0.13689156845562928
119600,2731.731701766,0.13669357677976593
119700,2733.518121092,0.13689156845562928
119800,2736.659021441,0.13691706403756312
119900,2739.045067633,0.13668801672302702
120000,2740.820865264,0.13661986970076723
120100,2742.789333077,0.1369109888215509
120200,2745.020254909,0.13673496924838896
120300,2746.849316414,0.1369850104406617
120400,2748.653221024,0.13668752138006002
120500,2750.339658369,0.13663638243702433
120600,2752.131865113,0.13669357677976593
120700,2754.777480014,0.13682179721508853
120800,2756.803947752,0.13656769319326076
120900,2758.968805947,0.13670812263910254
121000,2761.678176525,0.13679076867780698
121100,2767.332161903,0.13703266510244919
121200,2769.286206475,0.13702845564009672
121300,2771.196791492,0.13673496924838896
121400,2772.956139512,0.13672940582390386
121500,2774.734137517,0.13669357677976593
121600,2778.423156006,0.13667836158571336
121700,2782.269859683,0.13661986970076723
121800,2784.486212383,0.13648598971950845
121900,2786.271948611,0.13679633709713804
122000,2788.028946653,0.1369372373978007
122100,2789.781818963,0.13661431563840987
122200,2791.590316867,0.13679076867780698
122300,2793.36913975,0.1366046709098674
122400,2795.075809156,0.1367136843316912
122500,2796.797136812,0.1368088006067837
122600,2798.89550371,0.13656769319326076
122700,2801.127537614,0.1368088006067837
122800,2803.133421117,0.13688599228079945
122900,2805.691983949,0.13668752138006002
123000,2808.11289197,0.13679633709713804
123100,2810.309232665,0.1368088006067837
123200,2812.866235235,0.13661431563840987
123300,2814.944613729,0.13663638243702433
123400,2817.085936166,0.13651207557150158
123500,2820.77963158,0.13661431563840987
123600,2823.423327081,0.13670812263910254
123700,2825.844171608,0.13669357677976593
123800,2829.150423163,0.13666260636448205
123900,2831.141815343,0.13658893267205702
124000,2833.119859788,0.13707840202345545
124100,2835.124377946,0.13672940582390386
124200,2836.960108644,0.13673496924838896
124300,2838.916494625,0.13661431563840987
124400,2841.629465366,0.13670879815029754
124500,2844.53583705,0.13678260124109864
124600,2846.239402716,0.13679076867780698
124700,2847.984012832,0.13661986970076723
124800,2850.188719244,0.1370063799331761
124900,2851.983962688,0.13680460488662913
125000,2853.80712636,0.13670812263910254
125100,2855.829622114,0.13686466032365346
125200,2857.623702711,0.13659448467067245
125300,2859.30915481,0.13673496924838896
125400,2861.006520443,0.13672940582390386
125500,2862.694841596,0.13678260124109864
125600,2865.122757518,0.13666260636448205
125700,2866.997995832,0.1370057014779407
125800,2868.785505494,0.13680460488662913
125900,2871.404759212,0.13691148578549558
126000,2873.615936532,0.13673496924838896
126100,2875.412713137,0.1366681643541374
126200,2878.787192683,0.13668801672302702
126300,2880.551504165,0.13670812263910254
126400,2882.249020045,0.13624249113638529
126500,2883.970419698,0.1371026043661525
126600,2885.700026679,0.13659862060025926
126700,2887.428394685,0.13661431563840987
126800,2889.192250505,0.13669357677976593
126900,2890.865537871,0.13648598971950845
127000,2892.553881692,0.13668801672302702
127100,2894.267690531,0.13661431563840987
127200,2896.004425858,0.13666260636448205
127300,2897.710343822,0.13686466032365346
127400,2899.417206599,0.13679633709713804
127500,2901.171397278,0.1368088006067837
127600,2902.903710938,0.13669357677976593
127700,2904.599209369,0.13669963550419859
127800,2906.236889964,0.13667836158571336
127900,2908.150752508,0.13661986970076723
128000,2915.436163163,0.13661431563840987
128100,2920.052610181,0.13659448467067245
128200,2922.866607654,0.13681622672285224
128300,2924.723848943,0.13669357677976593
128400,2928.241518076,0.13661986970076723
128500,2932.3607152,0.13688129228067844
128600,2935.160553277,0.13659862060025926
128700,2937.656987905,0.13689014588254605
128800,2940.556485384,0.1366046709098674
128900,2942.998454106,0.13678260124109864
129000,2946.512771682,0.13666260636448205
129100,2949.970112193,0.13689572239578937
129200,2952.134763449,0.13645846672438597
129300,2954.028204869,0.13669357677976593
129400,2956.621760957,0.13689156845562928
129500,2958.750945925,0.1368088006067837
129600,2960.77546826,0.13656769319326076
129700,2962.781102906,0.13669357677976593
129800,2964.742814468,0.13678260124109864
129900,2966.675478287,0.13666260636448205
130000,2968.433025576,0.13680460488662913
130100,2970.190883753,0.13688129228067844
130200,2971.934930468,0.13637204839789646
130300,2973.588329877,0.13691148578549558
130400,2975.237971842,0.13688129228067844
130500,2976.892140958,0.13678260124109864
130600,2978.565198339,0.1366681643541374
130700,2980.232095829,0.13659862060025926
130800,2981.869249869,0.13689156845562928
130900,2983.512832529,0.13658893267205702
131000,2985.17365968,0.13680460488662913
131100,2987.200959887,0.13686466032365346
131200,2988.993209593,0.13661431563840987
131300,2991.234160607,0.13657324346531194
131400,2996.204763528,0.13663638243702433
131500,2999.426165073,0.13669357677976593
131600,3003.047512684,0.13668801672302702
131700,3005.942297695,0.13681622672285224
131800,3010.224674386,0.13673496924838896
131900,3012.644266304,0.1367136843316912
132000,3015.445514548,0.13688129228067844
132100,3018.738024853,0.13680323117275006
132200,3022.978009633,0.13638739763197102
132300,3026.758631279,0.13691148578549558
132400,3029.061603534,0.13645846672438597
132500,3031.387357214,0.13673496924838896
132600,3033.22153522,0.13668801672302702
132700,3034.895563124,0.13668752138006002
132800,3036.731306692,0.13687571694298464
132900,3038.509028174,0.13689014588254605
133000,3040.469020552,0.13668752138006002
133100,3042.153564205,0.13658893267205702
133200,3043.810799573,0.13672940582390386
133300,3045.47608686,0.13679633709713804
133400,3047.150598434,0.13670879815029754
133500,3048.862198126,0.1367136843316912
133600,3050.574836359,0.13666260636448205
133700,3052.333313718,0.13657324346531194
133800,3054.141659949,0.13668801672302702
133900,3056.758218051,0.13669357677976593
134000,3058.955439544,0.13670812263910254
134100,3061.639191198,0.1366681643541374
134200,3063.573016979,0.13668752138006002
134300,3065.812483518,0.13680323117275006
134400,3068.54567029,0.13657329436071136
134500,3070.487799916,0.13688129228067844
134600,3072.293146218,0.13661431563840987
134700,3074.105322656,0.13679076867780698
134800,3076.043609172,0.13661431563840987
134900,3078.010512268,0.13648598971950845
135000,3081.537463694,0.13672940582390386
135100,3083.857109958,0.13672940582390386
135200,3086.100854357,0.13681622672285224
135300,3088.564323984,0.1369372373978007
135400,3090.555031638,0.13673496924838896
135500,3092.674658722,0.13663638243702433
135600,3095.058326511,0.13666260636448205
135700,3096.901945693,0.13659306826542883
135800,3098.92458619,0.13688129228067844
135900,3101.083328381,0.13673496924838896
136000,3102.820016615,0.13667836158571336
136100,3104.895021425,0.13672940582390386
136200,3106.609633021,0.13668801672302702
136300,3108.440014667,0.13668752138006002
136400,3110.254633597,0.1369109888215509
136500,3112.818109263,0.13657324346531194
136600,3115.422922026,0.13686466032365346
136700,3118.087798023,0.13678260124109864
136800,3120.757752271,0.13689014588254605
136900,3122.732382311,0.13680460488662913
137000,3125.167861154,0.13673496924838896
137100,3128.217502044,0.1367136843316912
137200,3130.189532242,0.13691148578549558
137300,3131.910419933,0.13670812263910254
137400,3133.716265391,0.13691706403756312
137500,3136.995937903,0.13708870781631546
137600,3139.062660721,0.13667836158571336
137700,3141.373489376,0.13691148578549558
137800,3143.754523742,0.13667836158571336
137900,3145.833751426,0.13658893267205702
138000,3149.29428284,0.1367136843316912
138100,3150.942287694,0.13627758892256037
138200,3152.56645735,0.13663638243702433
138300,3154.197605806,0.13669963550419859
138400,3155.820092658,0.13687571694298464
138500,3157.43657612,0.13637209914345158
138600,3159.131918047,0.13689572239578937
138700,3160.76123926,0.13659306826542883
138800,3162.36281844,0.1367136843316912
138900,3163.975345011,0.13670812263910254
139000,3165.586473018,0.13639181482636512
139100,3167.203843889,0.13667836158571336
139200,3168.85457611,0.13667836158571336
139300,3170.64477268,0.13670812263910254
139400,3172.405386633,0.13679633709713804
139500,3174.122838576,0.1368088006067837
139600,3175.914929897,0.13659306826542883
139700,3177.839969538,0.13678260124109864
139800,3186.02895655,0.13669963550419859
139900,3192.217350026,0.13670879815029754
140000,3197.381692847,0.13672940582390386
140100,3201.725962861,0.13688129228067844
140200,3205.60357439,0.1368088006067837
140300,3209.118371549,0.13679076867780698
140400,3212.587576267,0.13689572239578937
140500,3215.008659779,0.13658893267205702
140600,3217.031512915,0.13679633709713804
140700,3218.785274934,0.13670812263910254
140800,3220.536728762,0.13672940582390386
140900,3222.257976794,0.13689572239578937
141000,3223.94485473,0.13645846672438597
141100,3225.678120912,0.13651207557150158
141200,3227.461631969,0.13657329436071136
141300,3229.30350101,0.13661986970076723
141400,3231.214522159,0.13657324346531194
141500,3233.721688586,0.13689014588254605
141600,3235.63943654,0.13661986970076723
141700,3237.333910104,0.13659448467067245
141800,3238.993659279,0.13681622672285224
141900,3240.653732485,0.1363973508115236
142000,3242.32249644,0.13688129228067844
142100,3243.979731855,0.13681622672285224
142200,3245.647770057,0.13669963550419859
142300,3247.313616816,0.13658893267205702
142400,3248.982174644,0.13643500143537882
142500,3250.631882739,0.13681622672285224
142600,3252.295366931,0.1369850104406617
142700,3254.028077667,0.13686466032365346
142800,3255.733353851,0.13667836158571336
142900,3257.46177136,0.1368088006067837
143000,3259.20586659,0.13679633709713804
143100,3260.941588979,0.1368088006067837
143200,3263.07665687,0.13680323117275006
143300,3267.247472339,0.13635092704081198
143400,3269.302409455,0.1369109888215509
143500,3272.858208013,0.1366681643541374
143600,3275.425693019,0.13666260636448205
143700,3277.603520966,0.1367136843316912
143800,3279.473168005,0.13669357677976593
143900,3281.347607528,0.13666260636448205
144000,3283.14861461,0.13689014588254605
144100,3284.964015106,0.1366046709098674
144200,3287.097672014,0.13661986970076723
144300,3289.48603096,0.13657324346531194
144400,3291.338428314,0.13667836158571336
144500,3293.224388733,0.13659862060025926
144600,3294.992175311,0.1369017990534333
144700,3296.663143126,0.13688599228079945
144800,3298.28471653,0.13681622672285224
144900,3299.88761549,0.13657324346531194
145000,3301.517449538,0.13659306826542883
145100,3303.202048326,0.13668801672302702
145200,3304.909001398,0.13691148578549558
145300,3306.564993215,0.13670812263910254
145400,3308.345298908,0.13680460488662913
145500,3310.10213693,0.13673496924838896
145600,3311.749735978,0.1365065302699047
145700,3313.606484281,0.13661431563840987
145800,3315.408390969,0.13679633709713804
145900,3317.375120879,0.13679633709713804
146000,3320.60261762,0.13680323117275006
146100,3330.043628138,0.13707840202345545
146200,3336.287030643,0.13669963550419859
146300,3338.211929281,0.1368088006067837
146400,3340.199063799,0.13668752138006002
146500,3342.213546024,0.13689014588254605
146600,3344.361802672,0.13659306826542883
146700,3346.067266784,0.13635092704081198
146800,3347.792004381,0.1367136843316912
146900,3349.582455568,0.13666260636448205
147000,3351.332586868,0.13656769319326076
147100,3353.110930668,0.13682179721508853
147200,3354.936862126,0.1370057014779407
147300,3356.641703438,0.1370270774269989
147400,3358.45592538,0.13672940582390386
147500,3360.220895701,0.13686466032365346
147600,3361.945688445,0.13687023476063015
147700,3363.660313188,0.13669357677976593
147800,3365.445216227,0.13681622672285224
147900,3367.248602809,0.13659862060025926
148000,3369.317929437,0.13688129228067844
148100,3371.063359833,0.13667836158571336
148200,3372.777646267,0.13681622672285224
148300,3374.889388489,0.13680323117275006
148400,3377.82947888,0.13682179721508853
148500,3379.771745493,0.13679633709713804
148600,3382.020525433,0.13680323117275006
148700,3387.7025434,0.13659306826542883
148800,3391.594546343,0.1366046709098674
148900,3394.276338198,0.13643314163314843
149000,3395.937052186,0.13669357677976593
149100,3397.643857114,0.13643500143537882
149200,3399.706663295,0.13640338330434437
149300,3401.615762719,0.13668752138006002
149400,3403.338961249,0.1369109888215509
149500,3405.084647223,0.13681622672285224
149600,3406.889917155,0.13673496924838896
149700,3408.593883475,0.13668801672302702
149800,3410.280143842,0.13691706403756312
149900,3411.990962246,0.13670812263910254
150000,3413.700181829,0.13681622672285224
150100,3415.440560105,0.13657329436071136
150200,3417.102387092,0.1363973508115236
150300,3418.728717166,0.13688599228079945
150400,3420.37098696,0.1366681643541374
150500,3421.999214069,0.1367136843316912
150600,3423.627922023,0.13670879815029754
150700,3425.420725179,0.13689156845562928
150800,3427.410949002,0.13673496924838896
150900,3429.274891154,0.13687571694298464
151000,3430.908154873,0.13663638243702433
151100,3432.532187624,0.13688129228067844
151200,3434.307188879,0.13645846672438597
151300,3435.969813367,0.13686466032365346
151400,3437.918251372,0.13686466032365346
151500,3440.011324274,0.1365065302699047
151600,3441.75882061,0.13680460488662913
151700,3443.640473683,0.1368088006067837
151800,3445.443318366,0.13667836158571336
151900,3447.21927518,0.13666260636448205
152000,3448.98324895,0.13681622672285224
152100,3450.733615681,0.13667836158571336
152200,3452.494151308,0.13679076867780698
152300,3454.333419821,0.13709140275351675
152400,3455.976706845,0.13699799346111108
152500,3457.623000231,0.13703266510244919
152600,3459.284065472,0.13718516515969414
152700,3460.928792433,0.1371142768910337
152800,3462.583234849,0.13689156845562928
152900,3464.227538359,0.13763827806642584
153000,3465.876886478,0.13691230087067316
153100,3467.550889685,0.1369863239089063
153200,3469.388525888,0.13711987168051273
153300,3471.243834662,0.13714766215358476
153400,3473.02442311,0.13689014588254605
153500,3474.835664379,0.13723021135609978
153600,3476.55801533,0.13700769381125347
153700,3478.2073148,0.13686734645916057
153800,3479.85772442,0.13733524332129354
153900,3481.512712285,0.13700769381125347
154000,3483.178828753,0.1370270774269989
154100,3484.824410068,0.1369924086128031
154200,3486.585659206,0.13696267674470686
154300,3488.29702941,0.13679633709713804
154400,3489.958225946,0.1369017990534333
154500,3491.614285055,0.13701128741015914
154600,3493.890631704,0.1369924086128031
154700,3496.454429165,0.13682535803410914
154800,3498.10289675,0.1371420650960985
154900,3499.754988136,0.13691230087067316
155000,3501.53587006,0.13700769381125347
155100,3504.977932874,0.1368992870637396
155200,3507.286148299,0.13708870781631546
155300,3509.085815437,0.13682535803410914
155400,3510.803124692,0.13710204200702594
155500,3512.586876409,0.13699799346111108
155600,3514.336507473,0.13679076867780698
155700,3516.089850017,0.13686466032365346
155800,3517.852345084,0.13679076867780698
155900,3519.598571745,0.1370057014779407
156000,3521.255920098,0.1371420650960985
156100,3523.25396156,0.1369017990534333
156200,3525.013066471,0.13691148578549558
156300,3527.156288097,0.13699799346111108
156400,3528.951742227,0.1369924086128031
156500,3531.063671263,0.1367101063269845
156600,3534.674229583,0.1368088006067837
156700,3537.096466217,0.1369017990534333
156800,3539.42873178,0.13696267674470686
156900,3541.874814103,0.13702789388908193
157000,3543.820323098,0.13733524332129354
157100,3545.506124139,0.13696080252883275
157200,3547.365293059,0.13677424214182948
157300,3549.153806892,0.13682179721508853
157400,3551.595588346,0.13691230087067316
157500,3553.530070845,0.13679076867780698
157600,3555.46837886,0.1369863239089063
157700,3557.653647948,0.13696267674470686
157800,3559.505685202,0.1373609044523597
157900,3561.459648159,0.13689014588254605
158000,3563.206806249,0.13686466032365346
158100,3564.927875615,0.13696267674470686
158200,3566.725114083,0.13668882914957872
158300,3568.4363455,0.13691148578549558
158400,3570.533286972,0.1368992870637396
158500,3572.480970995,0.1370057014779407
158600,3581.873063053,0.1368088006067837
158700,3584.119316354,0.13696080252883275
158800,3586.237121977,0.13711987168051273
158900,3589.842278193,0.13700769381125347
159000,3593.583235533,0.13689014588254605
159100,3596.131375067,0.1371420650960985
159200,3598.340928365,0.13689014588254605
159300,3600.742153584,0.13691148578549558
159400,3602.486752431,0.1369863239089063
159500,3604.275838426,0.13678391083062816
159600,3606.670269164,0.13689572239578937
159700,3610.183343657,0.1368868070624597
159800,3632.00592682,0.13709140275351675
159900,3641.069598287,0.1370057014779407
160000,3645.692585943,0.1368992870637396
160100,3648.25753522,0.13677424214182948
160200,3650.445600849,0.13710204200702594
160300,3652.731867385,0.13700769381125347
160400,3655.508232602,0.1370057014779407
160500,3658.286569534,0.1370270774269989
160600,3660.999068968,0.13709140275351675
160700,3663.579324151,0.13708870781631546
160800,3665.998575837,0.13691148578549558
160900,3668.284137817,0.13701128741015914
161000,3670.226334926,0.1369924086128031
161100,3672.245854128,0.13688599228079945
161200,3674.151776098,0.1368886792537113
161300,3676.089417011,0.13700769381125347
161400,3698.784183933,0.13691230087067316
161500,3703.847938957,0.13732686799979713
161600,3706.053400611,0.13702789388908193
161700,3707.875396021,0.13708870781631546
161800,3709.619177222,0.1369372373978007
161900,3711.349536578,0.13702789388908193
162000,3713.165974536,0.13678997756570954
162100,3715.214791055,0.13709430051931346
162200,3717.399418644,0.1368868070624597
162300,3719.448662043,0.13682179721508853
162400,3721.316503172,0.13686734645916057
162500,3723.052317661,0.13677424214182948
162600,3724.744441595,0.13691230087067316
162700,3726.454960767,0.13709430051931346
162800,3728.187693336,0.1369017990534333
162900,3729.885986884,0.1368886792537113
163000,3731.593073438,0.1370270774269989
163100,3733.289003371,0.13696267674470686
163200,3735.008146306,0.1370270774269989
163300,3736.72284211,0.13681622672285224
163400,3738.392061692,0.13693165750184624
163500,3740.060985887,0.13716561963744936
163600,3741.755711974,0.13686466032365346
163700,3743.410377768,0.1369863239089063
163800,3745.080879005,0.13687023476063015
163900,3746.802861856,0.13702789388908193
164000,3748.5174402,0.1369863239089063
164100,3750.180348792,0.1369924086128031
164200,3751.997750936,0.13680404496947315
164300,3753.744781382,0.1369821644686169
164400,3755.482553787,0.13711987168051273
164500,3757.264711437,0.13693165750184624
164600,3759.153132511,0.13708870781631546
164700,3760.924922341,0.13687023476063015
164800,3762.733902711,0.1369821644686169
164900,3764.46110931,0.13718516515969414
165000,3766.633705361,0.1368088006067837
165100,3768.3007224,0.13708870781631546
165200,3770.029500479,0.1371234480315505
165300,3771.71867963,0.13689014588254605
165400,3773.483937166,0.13693165750184624
165500,3775.324059757,0.13708870781631546
165600,3777.187428711,0.13708870781631546
165700,3779.071886357,0.13696080252883275
165800,3780.820274813,0.13680323117275006
165900,3782.493847258,0.13691148578549558
166000,3784.165575399,0.1369863239089063
166100,3785.929851667,0.13700769381125347
166200,3788.597044107,0.13691148578549558
166300,3790.839469999,0.13689014588254605
166400,3793.169735255,0.1371420650960985
166500,3795.022067409,0.13709140275351675
166600,3796.726718095,0.1366846877556066
166700,3798.406897276,0.1369863239089063
166800,3800.090461093,0.13686734645916057
166900,3802.033836895,0.1368886792537113
167000,3804.274657721,0.13701128741015914
167100,3806.027935684,0.13718704552114142
167200,3807.988653554,0.13696267674470686
167300,3810.055320604,0.1369372373978007
167400,3811.786028024,0.13702789388908193
167500,3813.48818976,0.1369017990534333
167600,3815.312177648,0.13689014588254605
167700,3817.107698747,0.13696080252883275
167800,3819.13665771,0.13710204200702594
167900,3822.293924764,0.1368868070624597
168000,3824.073500267,0.1368992870637396
168100,3825.744493211,0.1371142768910337
168200,3827.640149863,0.13709430051931346
168300,3829.714678336,0.13693165750184624
168400,3831.389163651,0.13696080252883275
168500,3833.152499205,0.13691230087067316
168600,3835.074325556,0.13688599228079945
168700,3837.023042664,0.13699799346111108
168800,3839.210546948,0.1368886792537113
168900,3841.866964452,0.1369924086128031
169000,3843.545189771,0.1369924086128031
169100,3845.363538722,0.13691706403756312
169200,3847.179408006,0.13686734645916057
169300,3849.499525784,0.13696267674470686
169400,3851.612488294,0.13686734645916057
169500,3853.78233984,0.13678391083062816
169600,3855.564997036,0.13693165750184624
169700,3857.394936715,0.13680323117275006
169800,3859.79940893,0.13708870781631546
169900,3861.819535294,0.13699799346111108
170000,3863.988105859,0.13689572239578937
170100,3866.402097605,0.13679633709713804
170200,3868.388156294,0.13686466032365346
170300,3870.170031555,0.13680323117275006
170400,3871.858899199,0.1369372373978007
170500,3873.562903315,0.13709430051931346
170600,3875.332120077,0.13709430051931346
170700,3877.129076955,0.13686734645916057
170800,3879.169306063,0.13691706403756312
170900,3881.124079301,0.13693165750184624
171000,3883.177896487,0.13689014588254605
171100,3884.904603969,0.13693165750184624
171200,3886.58597825,0.1370057014779407
171300,3888.262461028,0.13691230087067316
171400,3889.975233955,0.13681622672285224
171500,3891.647324394,0.13700769381125347
171600,3893.417315011,0.1368088006067837
171700,3895.322138183,0.13689156845562928
171800,3897.240982646,0.13708870781631546
171900,3899.169391969,0.1369821644686169
172000,3900.931879334,0.13735115402384
172100,3902.606831815,0.1369924086128031
172200,3904.275270437,0.13736702247898108
172300,3905.952523214,0.13708870781631546
172400,3907.625576908,0.1369372373978007
172500,3909.315119899,0.1369372373978007
172600,3910.997163817,0.13686466032365346
172700,3912.684851118,0.13693165750184624
172800,3914.356838605,0.13681622672285224
172900,3916.029031574,0.13693165750184624
173000,3917.708981146,0.1369372373978007
173100,3919.399189777,0.13687023476063015
173200,3921.0942585,0.1369924086128031
173300,3922.868628674,0.13696267674470686
173400,3924.542600213,0.13691706403756312
173500,3926.213655992,0.13718516515969414
173600,3927.893433974,0.13700769381125347
173700,3929.568411083,0.13689156845562928
173800,3931.250048096,0.1368886792537113
173900,3932.930241308,0.1374423595759577
174000,3935.308065479,0.13680323117275006
174100,3937.192183772,0.13691230087067316
174200,3939.063143472,0.13696080252883275
174300,3940.872495952,0.13733524332129354
174400,3942.742528739,0.13693165750184624
174500,3944.571047964,0.13723859756623538
174600,3946.331596256,0.13680323117275006
174700,3948.521779872,0.13702789388908193
174800,3950.248790743,0.1369821644686169
174900,3951.928914747,0.13689156845562928
175000,3953.712807963,0.13702789388908193
175100,3955.616470981,0.1369017990534333
175200,3957.536880871,0.13689156845562928
175300,3959.444844134,0.13686466032365346
175400,3961.186444713,0.13709430051931346
175500,3962.873557244,0.13691706403756312
175600,3964.566158098,0.13691148578549558
175700,3966.23867087,0.13718516515969414
175800,3968.313720182,0.13733524332129354
175900,3970.283868466,0.13718704552114142
176000,3972.245679591,0.1369924086128031
176100,3973.950299784,0.13691706403756312
176200,3975.630258037,0.1370270774269989
176300,3977.398711943,0.1371420650960985
176400,3979.078008531,0.13693165750184624
176500,3980.766034926,0.13699799346111108
176600,3982.443057869,0.13688599228079945
176700,3984.10948256,0.1371234480315505
176800,3985.785956883,0.13711987168051273
176900,3987.463288261,0.13699799346111108
177000,3989.178230695,0.13701128741015914
177100,3990.885159976,0.13709140275351675
177200,3992.566851115,0.13718704552114142
177300,3994.287611981,0.13696267674470686
177400,3996.812502556,0.13680323117275006
177500,3999.122065023,0.13688599228079945
177600,4001.540436059,0.1369821644686169
177700,4004.408417327,0.1369017990534333
177800,4006.661868663,0.13714766215358476
177900,4008.580623268,0.13691148578549558
178000,4010.454335467,0.13682179721508853
178100,4012.229164621,0.13691706403756312
178200,4016.075215565,0.13710204200702594
178300,4018.177916448,0.13708870781631546
178400,4020.217040738,0.13733524332129354
178500,4022.038685924,0.13691706403756312
178600,4023.943568945,0.1369017990534333
178700,4026.439734684,0.13676867552110705
178800,4028.722153384,0.13691230087067316
178900,4030.42023478,0.13691706403756312
179000,4032.08661974,0.1369924086128031
179100,4033.771160913,0.13689014588254605
179200,4035.996381496,0.13711987168051273
179300,4038.031537944,0.13708870781631546
179400,4040.780109336,0.13681622672285224
179500,4042.658832989,0.13689014588254605
179600,4045.107302542,0.1373609044523597
179700,4047.29695369,0.13673496924838896
179800,4049.386664553,0.13709430051931346
179900,4051.07287613,0.13703266510244919
180000,4053.158977407,0.13691706403756312
180100,4056.212405539,0.13703266510244919
180200,4059.273720828,0.13686734645916057
180300,4061.770553022,0.13696267674470686
180400,4064.550347887,0.13709430051931346
180500,4066.663200136,0.13691706403756312
180600,4069.031908178,0.13696267674470686
180700,4070.753252687,0.13702789388908193
180800,4072.423415187,0.13709430051931346
180900,4074.795965484,0.1370270774269989
181000,4078.909554148,0.13691706403756312
181100,4083.083813671,0.13714766215358476
181200,4084.858952711,0.13708870781631546
181300,4086.670401007,0.13689572239578937
181400,4088.777504638,0.13699799346111108
181500,4090.683820111,0.13691230087067316
181600,4092.855825822,0.13691148578549558
181700,4094.67412423,0.13693165750184624
181800,4096.805998599,0.1369821644686169
181900,4098.677331813,0.13711987168051273
182000,4100.381374079,0.13700769381125347
182100,4102.178659011,0.13691706403756312
182200,4103.959984811,0.13691706403756312
182300,4105.622954716,0.13691706403756312
182400,4107.341575065,0.13696267674470686
182500,4109.010006353,0.1369372373978007
182600,4110.674870177,0.13701128741015914
182700,4112.326155819,0.13682535803410914
182800,4114.029303337,0.1369821644686169
182900,4115.775047001,0.13679076867780698
183000,4117.566378492,0.1368886792537113
183100,4119.408539424,0.13700769381125347
183200,4121.172610255,0.13679554592063098
183300,4122.972895815,0.13711987168051273
183400,4124.725881849,0.1369372373978007
183500,4126.540582076,0.13687023476063015
183600,4128.642056419,0.13691706403756312
183700,4131.136264438,0.13691706403756312
183800,4133.574555417,0.1369017990534333
183900,4135.885066011,0.13689156845562928
184000,4138.14868675,0.13709430051931346
184100,4140.310610155,0.13700769381125347
184200,4142.610251346,0.13696267674470686
184300,4144.692708262,0.13687023476063015
184400,4146.936015124,0.1369372373978007
184500,4149.246935255,0.13689156845562928
184600,4151.623080319,0.13688599228079945
184700,4153.696812305,0.13696080252883275
184800,4155.968751792,0.1367584648093873
184900,4158.810490243,0.13691230087067316
185000,4160.974288332,0.1369372373978007
185100,4162.976499694,0.13678997756570954
185200,4165.399193852,0.13691706403756312
185300,4168.485931968,0.13709140275351675
185400,4171.042306921,0.13716561963744936
185500,4174.987002774,0.13691148578549558
185600,4177.810693359,0.1369017990534333
185700,4180.131180319,0.1374471596962791
185800,4184.317883158,0.1369372373978007
185900,4186.529663892,0.13700769381125347
186000,4188.393280256,0.1370270774269989
186100,4190.947139244,0.1369821644686169
186200,4193.235528483,0.1369924086128031
186300,4195.205526266,0.13702789388908193
186400,4198.62679105,0.1368868070624597
186500,4200.927902521,0.13696080252883275
186600,4202.849761002,0.137390654364513
186700,4205.11558954,0.13696080252883275
186800,4206.861111489,0.13687023476063015
186900,4209.071729647,0.1369372373978007
187000,4211.182406709,0.13700769381125347
187100,4213.489892904,0.13699799346111108
187200,4215.229110349,0.13691230087067316
187300,4217.121277058,0.13696080252883275
187400,4219.031775918,0.1370057014779407
187500,4220.786075601,0.13699799346111108
187600,4222.546847897,0.13701128741015914
187700,4224.307599342,0.13696080252883275
187800,4226.067568584,0.13718704552114142
187900,4228.179292966,0.13677424214182948
188000,4229.95151738,0.1368992870637396
188100,4231.929433657,0.1368088006067837
188200,4234.545223307,0.13679076867780698
188300,4236.729405282,0.1370057014779407
188400,4240.146614254,0.1369924086128031
188500,4242.44400267,0.13678391083062816
188600,4245.268574278,0.13682535803410914
188700,4247.143529244,0.1369372373978007
188800,4249.417235759,0.13689572239578937
188900,4251.846901993,0.13702789388908193
189000,4254.085243186,0.13699799346111108
189100,4256.464319001,0.13691706403756312
189200,4260.541300802,0.1369372373978007
189300,4262.894709717,0.13682179721508853
189400,4264.934583946,0.1368886792537113
189500,4267.479195272,0.13733524332129354
189600,4269.722509974,0.13691230087067316
189700,4271.524973264,0.13723021135609978
189800,4273.401941532,0.13678391083062816
189900,4275.243296966,0.13680404496947315
190000,4277.08987464,0.13688599228079945
190100,4279.198562874,0.13691706403756312
190200,4281.246427388,0.13711987168051273
190300,4283.371928271,0.13708870781631546
190400,4286.01091565,0.13691706403756312
190500,4287.966569769,0.1369017990534333
190600,4290.078363845,0.13700769381125347
190700,4292.789751752,0.13703266510244919
190800,4294.822015748,0.13689014588254605
190900,4297.155118236,0.13693165750184624
191000,4298.959910987,0.13691230087067316
191100,4300.803962259,0.13689572239578937
191200,4302.817606539,0.13703266510244919
191300,4304.831193559,0.13708870781631546
191400,4306.603245677,0.1371142768910337
191500,4308.271386846,0.1369924086128031
191600,4309.953250981,0.13688599228079945
191700,4311.635293888,0.13718516515969414
191800,4313.335318094,0.13700769381125347
191900,4315.158408578,0.13682179721508853
192000,4317.596196477,0.1369863239089063
192100,4319.487879473,0.1369863239089063
192200,4321.348522421,0.13703266510244919
192300,4323.175784615,0.13680404496947315
192400,4325.065321855,0.13682535803410914
192500,4326.850356236,0.13718704552114142
192600,4328.529260157,0.1369372373978007
192700,4330.211750139,0.1369924086128031
192800,4331.89427962,0.1367136843316912
192900,4333.56526433,0.13696267674470686
193000,4335.247192938,0.1368992870637396
193100,4337.021688511,0.1368886792537113
193200,4338.876919116,0.13689014588254605
193300,4340.615598206,0.13709140275351675
193400,4342.636099082,0.1370270774269989
193500,4344.314018863,0.1371142768910337
193600,4345.991301201,0.13686734645916057
193700,4347.678228856,0.1370057014779407
193800,4349.354290027,0.1367136843316912
193900,4351.042623393,0.13718516515969414
194000,4352.733212903,0.13696267674470686
194100,4354.4483158,0.13701128741015914
194200,4356.205077699,0.13696267674470686
194300,4358.010396957,0.13708870781631546
194400,4359.740717683,0.1369372373978007
194500,4361.534539159,0.13689572239578937
194600,4363.435557402,0.1369821644686169
194700,4365.211307772,0.1369863239089063
194800,4366.904057165,0.1369372373978007
194900,4368.576732073,0.13696080252883275
195000,4370.262527603,0.13687023476063015
195100,4371.966535584,0.13691230087067316
195200,4373.696162326,0.13679633709713804
195300,4375.550742143,0.13689014588254605
195400,4377.915271393,0.13700769381125347
195500,4379.758725182,0.13686734645916057
195600,4381.675908782,0.13682179721508853
195700,4383.500848283,0.13691148578549558
195800,4385.42179009,0.13687023476063015
195900,4387.111458129,0.13691706403756312
196000,4388.80367043,0.1369924086128031
196100,4390.537934684,0.13716561963744936
196200,4392.239581762,0.13708870781631546
196300,4393.936375312,0.1369863239089063
196400,4395.61583209,0.13679633709713804
196500,4397.292710225,0.1367101063269845
196600,4398.968473592,0.13700769381125347
196700,4400.700822928,0.13709140275351675
196800,4402.400397226,0.13699799346111108
196900,4404.068927559,0.13693165750184624
197000,4405.746649993,0.1368886792537113
197100,4407.427414795,0.13691706403756312
197200,4409.11306168,0.1371016907466065
197300,4410.792691869,0.13703817235200572
197400,4412.463886584,0.13701128741015914
197500,4414.161556992,0.137174038716708
197600,4415.955882829,0.13701597661170356
197700,4417.892842672,0.13708318881005568
197800,4419.943742179,0.13719546723088194
197900,4422.437330068,0.13714766215358476
198000,4424.874517,0.13710204200702594
198100,4427.395633113,0.13732686799979713
198200,4429.289381221,0.13709140275351675
198300,4431.292616699,0.137150400157123
198400,4433.202963695,0.13700906107773134
198500,4437.849916093,0.13696080252883275
198600,4440.328348305,0.13709140275351675
198700,4442.243786334,0.13703817235200572
198800,4444.082973831,0.13692256199899633
198900,4446.364835611,0.13696267674470686
199000,4449.300200315,0.13694192153191545
199100,4451.471650494,0.13710458894734848
199200,4453.331877854,0.13730504611908997
199300,4455.012282116,0.13709140275351675
199400,4456.685199787,0.13709140275351675
199500,4458.351668381,0.1371123315970783
199600,4460.028518209,0.13714766215358476
199700,4461.748683123,0.13691230087067316
199800,4463.907003601,0.13700268175271516
199900,4466.170351379,0.1370989954049121
