opt.ga.StandardGeneticAlgorithm@60e53b93 iteration number, training time, fitness,
0,2.693809331,39.375
100,2.95349439,62.225
200,3.093845225,66.115
300,3.265926759,68.03
400,3.298316299,68.02
500,3.351232166,69.025
600,3.397882304,68.865
700,3.430547782,68.66
800,3.450729318,69.195
900,3.603847867,68.705
1000,3.637522328,68.97
1100,3.655573578,68.44
1200,3.675981372,69.275
1300,3.704836929,68.27
1400,3.746815585,66.655
1500,3.773893105,68.22
1600,3.856240783,68.415
1700,3.973688667,68.54
1800,4.168440615,69.395
1900,4.190981095,68.55
2000,4.254837325,69.025
2100,4.439962617,68.64
2200,4.493541917,68.295
2300,4.840207221,68.325
2400,4.933061988,68.63
2500,5.145834337,67.87
2600,5.332535299,68.24
2700,5.413508242,68.23
2800,5.447279727,69.02
2900,5.769894488,67.935
3000,5.89606498,67.775
3100,6.020642045,69.15
3200,6.149770921,68.375
3300,6.280603235,68.17
3400,6.29628955,68.51
3500,6.326734175,68.31
3600,6.679666904,68.325
3700,6.855537901,67.37
3800,7.015338998,69.275
3900,7.140414882,68.68
4000,7.282413156,68.94
4100,7.402962109,68.55
4200,7.547854468,68.915
4300,7.645846524,68.11
4400,7.708512491,68.62
4500,7.787113616,67.665
4600,7.845209341,69.46
4700,7.965538659,68.65
4800,8.030469488,69.05
4900,8.152997922,69.015
5000,8.221720744,68.99
5100,8.268027326,68.81
5200,8.295143661,69.24
5300,8.394841886,68.795
5400,8.412010854,69.095
5500,8.521887505,69.285
5600,8.541716266,68.375
5700,8.651055545,68.63
5800,8.664330745,68.96
5900,8.689112469,69.15
6000,8.768588327,68.555
6100,8.821748656,68.85
6200,8.901615345,68.235
6300,9.048908821,68.79
6400,9.095815139,68.99
6500,9.229636139,68.915
6600,9.293193285,67.79
6700,9.353118055,69.06
6800,9.455192002,69.38
6900,9.628570538,68.625
7000,9.69485572,68.63
7100,9.762057183,69.2
7200,9.859251368,67.935
7300,9.917078667,67.425
7400,9.966767575,66.76
7500,10.056990357,66.895
7600,10.263666813,67.15
7700,10.386098055,67.2
7800,10.451249185,67.905
7900,10.468017571,68.47
8000,10.515761726,68.36
8100,10.52552302,68.69
8200,10.545002776,68.105
8300,10.557715053,67.525
8400,10.646441701,67.07
8500,10.661155769,66.35
8600,10.725516948,68.15
8700,10.772508411,68.79
8800,10.826466531,68.755
8900,10.915488525,69.275
9000,10.933177417,68.44
9100,10.990121303,68.555
9200,11.023389539,69.38
9300,11.044646527,68.26
9400,11.087943329,68.61
9500,11.131174989,68.955
9600,11.199409903,68.775
9700,11.281483375,68.805
9800,11.325256047,66.605
9900,11.356816765,68.24
10000,11.384687344,68.51
10100,11.446482204,68.65
10200,11.524734497,69.745
10300,11.548653799,70.105
10400,11.580459733,70.5
10500,11.598930369,70.355
10600,11.618875962,70.825
10700,11.640158339,70.37
10800,11.656028943,69.815
10900,11.732867381,70.77
11000,11.767980861,71.19
11100,11.809829018,71.405
11200,11.823269143,71.135
11300,11.85050984,70.505
11400,11.888012769,70.215
11500,11.958988663,70.95
11600,11.994182256,71.01
11700,12.149255486,70.38
11800,12.183697145,70.29
11900,12.195980323,70.525
12000,12.261726343,68.88
12100,12.283766565,70.215
12200,12.311925518,70.84
12300,12.346138387,70.045
12400,12.415609507,70.705
12500,12.459926305,69.995
12600,12.492000117,70.59
12700,12.58985482,70.06
12800,12.612152488,71.25
12900,12.658194617,70.57
13000,12.718935286,69.275
13100,12.732853477,71.18
13200,12.775283008,70.57
13300,12.804988733,71.08
13400,12.834828616,71.285
13500,12.902019773,70.62
13600,12.927468946,71.28
13700,12.95492954,70.88
13800,12.982741649,69.16
13900,13.089632221,69.725
14000,13.220337937,70.64
14100,13.233480928,70.645
14200,13.253984579,71.235
14300,13.311785341,69.835
14400,13.327105618,70.24
14500,13.344086396,71.055
14600,13.377597333,70.525
14700,13.597101276,70.29
14800,13.693806261,70.515
14900,13.778405569,70.67
15000,13.834452575,70.705
15100,13.910168456,70.425
15200,13.942131861,70.77
15300,13.973427228,70.5
15400,14.000788467,71.11
15500,14.035576049,70.7
15600,14.130611651,69.82
15700,14.148788415,69.68
15800,14.166767802,70.005
15900,14.193451577,68.56
16000,14.212128178,70.195
16100,14.22834561,69.185
16200,14.265510525,70.775
16300,14.324766045,70.93
16400,14.376612109,70.91
16500,14.386847376,69.97
16600,14.394491411,70.235
16700,14.402268739,69.865
16800,14.412938129,71.31
16900,14.42453277,70.91
17000,14.436042118,70.915
17100,14.444769828,69.945
17200,14.452308056,70.105
17300,14.4593332,71.13
17400,14.473905648,70.79
17500,14.513555038,70.21
17600,14.599418409,69.83
17700,14.61575926,69.8
17800,14.629694867,70.85
17900,14.64665636,70.0
18000,14.657288326,69.95
18100,14.666804574,70.13
18200,14.680302956,70.815
18300,14.717362851,70.515
18400,14.730691496,70.035
18500,14.751018948,70.165
18600,14.777423756,70.875
18700,14.795760011,70.75
18800,14.810564346,69.06
18900,14.824520615,70.245
19000,14.836416439,69.815
19100,14.850803412,71.01
19200,14.86213922,70.365
19300,14.875286744,69.81
19400,14.886286328,69.97
19500,14.929310181,68.26
19600,14.976169712,70.15
19700,15.033800485,68.955
19800,15.052208725,69.7
19900,15.07488984,70.34
20000,15.150730528,70.665
20100,15.162007957,70.36
20200,15.186930828,69.55
20300,15.198409692,70.215
20400,15.250069412,70.46
20500,15.257913098,70.39
20600,15.267220787,70.74
20700,15.284584317,70.715
20800,15.292676335,71.235
20900,15.300131967,71.01
21000,15.309947018,71.04
21100,15.325278617,70.91
21200,15.348109118,69.99
21300,15.358184363,70.68
21400,15.396941848,69.36
21500,15.422446648,70.775
21600,15.46030345,70.415
21700,15.492589489,70.295
21800,15.514033089,70.07
21900,15.527604576,71.41
22000,15.562685091,69.95
22100,15.629260576,70.5
22200,15.732615166,70.54
22300,15.751919505,70.52
22400,15.770381136,69.79
22500,15.784444012,70.64
22600,15.794295452,70.855
22700,15.813288203,70.825
22800,15.827624803,70.265
22900,15.865894296,71.08
23000,15.956508789,70.055
23100,16.002530322,69.26
23200,16.049534123,70.285
23300,16.129217907,70.65
23400,16.157727405,69.15
23500,16.17742084,69.925
23600,16.191639546,71.845
23700,16.210498468,72.21
23800,16.229567342,72.31
23900,16.247336478,72.75
24000,16.261732746,71.375
24100,16.294112737,71.975
24200,16.456344757,71.66
24300,16.492247303,72.885
24400,16.546084452,71.52
24500,16.634100344,72.51
24600,16.650795248,72.495
24700,16.698258169,71.88
24800,16.761252809,72.73
24900,16.846781088,73.135
25000,16.899188583,71.86
25100,16.955803718,72.36
25200,17.051097021,72.35
25300,17.161175418,72.37
25400,17.258244517,72.85
25500,17.277515667,72.55
25600,17.347545127,72.235
25700,17.416209076,72.56
25800,17.486780567,71.78
25900,17.52401641,72.615
26000,17.566199937,72.74
26100,17.619563026,72.985
26200,17.727126104,73.22
26300,17.75202472,71.53
26400,17.777747234,71.735
26500,17.79533689,71.975
26600,17.822960979,71.955
26700,17.891427555,70.92
26800,17.953973298,71.865
26900,17.989081678,72.165
27000,18.035748442,71.98
27100,18.145899458,72.15
27200,18.190748967,71.84
27300,18.215174359,72.35
27400,18.257448829,72.6
27500,18.276966725,72.155
27600,18.300058755,73.04
27700,18.320643089,72.12
27800,18.336531782,71.595
27900,18.398388762,71.95
28000,18.419087975,72.17
28100,18.455161185,72.23
28200,18.491280612,70.425
28300,18.511587201,72.62
28400,18.523890107,70.795
28500,18.535544965,72.11
28600,18.558781715,72.94
28700,18.587511627,71.865
28800,18.662775843,71.255
28900,18.725831783,72.96
29000,18.736995171,72.315
29100,18.756607924,72.785
29200,18.784186012,72.24
29300,18.815533827,71.67
29400,18.830218503,72.56
29500,18.844616281,72.545
29600,18.892207161,71.36
29700,18.928185115,72.515
29800,18.975952106,71.97
29900,18.997750621,72.385
30000,19.019074906,71.54
30100,19.034315421,72.005
30200,19.051176041,72.09
30300,19.061403609,71.75
30400,19.077350744,70.95
30500,19.086471283,72.035
30600,19.123064609,71.88
30700,19.16441092,72.97
30800,19.245101795,74.065
30900,19.415041661,74.855
31000,19.461882411,74.795
31100,19.493976141,74.745
31200,19.518000759,75.06
31300,19.532029422,74.215
31400,19.552021236,73.73
31500,19.563350491,74.47
31600,19.579371026,74.295
31700,19.591676454,72.165
31800,19.601140702,74.42
31900,19.614007382,74.525
32000,19.628529879,72.85
32100,19.68532558,72.645
32200,19.738520819,73.19
32300,19.753049396,73.865
32400,19.77962882,74.255
32500,19.806833103,74.04
32600,19.828463646,73.44
32700,19.89666256,74.2
32800,19.967512252,74.66
32900,19.999257405,74.815
33000,20.020095526,73.805
33100,20.044531843,74.81
33200,20.150831565,74.08
33300,20.189402492,74.34
33400,20.204362157,73.86
33500,20.224707021,73.28
33600,20.253937974,74.85
33700,20.286339689,73.16
33800,20.300759706,73.96
33900,20.317577337,74.17
34000,20.331396104,74.62
34100,20.343720235,74.11
34200,20.353084619,74.175
34300,20.394606063,74.6
34400,20.454486169,74.39
34500,20.494153756,74.54
34600,20.528070819,74.4
34700,20.543093011,74.41
34800,20.551659679,74.87
34900,20.55925469,73.49
35000,20.567818799,73.92
35100,20.580657845,74.62
35200,20.589524585,74.48
35300,20.629286265,73.63
35400,20.690150004,73.6
35500,20.760792345,72.865
35600,20.797229209,75.03
35700,20.827341467,73.39
35800,20.905095247,74.24
35900,20.919836981,74.15
36000,20.963572093,73.72
36100,20.992747076,75.085
36200,21.003608973,74.11
36300,21.029617244,73.28
36400,21.054892286,73.89
36500,21.080560912,73.925
36600,21.092279042,72.83
36700,21.110264301,73.715
36800,21.184353586,74.84
36900,21.231090861,74.155
37000,21.257489216,74.35
37100,21.270008091,74.98
37200,21.296286627,74.59
37300,21.355930815,74.185
37400,21.4351427,74.2
37500,21.457970557,74.265
37600,21.489069781,73.99
37700,21.501430163,74.81
37800,21.532689584,73.77
37900,21.561643093,74.27
38000,21.623052143,72.055
38100,21.633840158,73.255
38200,21.67240232,73.7
38300,21.706428607,72.935
38400,21.738853287,74.14
38500,21.827387975,74.29
38600,21.856899283,74.89
38700,21.889388098,74.765
38800,21.901617143,74.71
38900,21.914144621,73.965
39000,21.926205048,74.32
39100,21.935956131,72.85
39200,21.947878743,73.9
39300,21.967699143,74.1
39400,21.995413885,73.575
39500,22.006098127,73.03
39600,22.017771013,74.62
39700,22.03048473,74.825
39800,22.137961751,74.245
39900,22.160034086,74.725
40000,22.175019485,74.785
40100,22.186494218,75.11
40200,22.204106384,74.61
40300,22.213107248,74.62
40400,22.227962565,73.695
40500,22.282597666,74.315
40600,22.301709088,73.62
40700,22.327843973,73.54
40800,22.353011475,73.28
40900,22.366390066,74.19
41000,22.38358398,74.33
41100,22.393877043,74.61
41200,22.403839718,74.07
41300,22.421136721,75.13
41400,22.431254606,74.99
41500,22.481404345,74.43
41600,22.530293678,73.655
41700,22.563482421,74.01
41800,22.622923439,74.695
41900,22.634520981,74.735
42000,22.653566408,74.73
42100,22.675332607,73.48
42200,22.696410701,74.39
42300,22.838739766,73.93
42400,22.866468302,72.65
42500,22.888236087,72.665
42600,22.955759049,74.625
42700,22.983895422,72.94
42800,23.008279555,74.695
42900,23.052927895,74.54
43000,23.119065841,73.78
43100,23.153275223,74.44
43200,23.194554181,73.61
43300,23.298619333,74.17
43400,23.405649679,73.31
43500,23.443843915,73.945
43600,23.480034972,73.285
43700,23.521545524,73.92
43800,23.581969916,74.68
43900,23.689059927,73.545
44000,23.700884145,74.645
44100,23.77721964,74.55
44200,23.792211245,73.935
44300,23.810240365,73.97
44400,23.880428237,73.57
44500,23.901654435,74.72
44600,23.91527682,74.38
44700,23.957225795,74.71
44800,24.077206327,73.965
44900,24.170204698,73.5
45000,24.264492494,74.42
45100,24.320387454,73.245
45200,24.396195053,73.635
45300,24.459722755,73.97
45400,24.517411265,73.68
45500,24.662576456,74.17
45600,24.723175422,73.56
45700,24.753161214,74.29
45800,24.764756068,74.68
45900,24.832595766,73.58
46000,24.950481535,73.73
46100,24.973403915,73.41
46200,25.089914688,73.13
46300,25.200122921,73.58
46400,25.389640497,75.225
46500,25.513992774,74.325
46600,25.543616813,73.505
46700,25.566803409,74.94
46800,25.649988075,73.76
46900,25.843541888,72.44
47000,26.117301499,74.72
47100,26.19243724,74.59
47200,26.205798765,74.07
47300,26.412013888,74.6
47400,26.446502019,74.235
47500,26.464403804,74.185
47600,26.503085961,74.38
47700,26.67948352,73.555
47800,26.762629865,73.46
47900,26.786827475,75.27
48000,26.798416842,74.07
48100,26.93420156,74.29
48200,26.964492138,72.95
48300,27.043909628,73.84
48400,27.057310337,74.355
48500,27.077693756,74.07
48600,27.137643859,73.91
48700,27.223740577,72.895
48800,27.263957942,73.035
48900,27.28145352,75.03
49000,27.296000823,74.085
49100,27.318927323,74.44
49200,27.328599743,74.355
49300,27.359483247,74.085
49400,27.420735556,73.52
49500,27.454951782,73.78
49600,27.465085296,74.56
49700,27.497396211,72.975
49800,27.51569488,74.61
49900,27.665658166,74.82
50000,27.691371491,74.745
50100,27.701702486,74.49
50200,27.721517062,74.675
50300,27.734168777,74.555
50400,27.746923881,74.33
50500,27.756156371,74.02
50600,27.770927422,74.0
50700,27.803565969,74.39
50800,27.838030663,74.445
50900,27.859349142,73.705
51000,27.910140729,73.8
51100,27.947219739,74.3
51200,27.974850488,74.005
51300,27.997525565,75.25
51400,28.014477266,74.12
51500,28.026550371,74.175
51600,28.04176313,74.02
51700,28.054642209,74.68
51800,28.070973087,72.835
51900,28.099219355,73.305
52000,28.259638209,74.54
52100,28.281024938,74.125
52200,28.299426813,73.45
52300,28.319446971,74.3
52400,28.331810888,75.185
52500,28.34267806,73.945
52600,28.357165665,73.205
52700,28.375272298,73.76
52800,28.388787906,74.385
52900,28.39834504,73.26
53000,28.408675145,74.285
53100,28.419815387,74.12
53200,28.431929319,75.06
53300,28.441069812,74.81
53400,28.450970262,74.775
53500,28.534353604,73.13
53600,28.590384194,73.585
53700,28.602795059,72.65
53800,28.622182772,74.24
53900,28.636982257,72.015
54000,28.651116147,74.32
54100,28.667702598,73.405
54200,28.681824382,73.77
54300,28.692805943,74.35
54400,28.70824181,74.16
54500,28.717090676,73.845
54600,28.728893997,72.86
54700,28.740252156,72.99
54800,28.797667671,73.215
54900,28.832207658,73.355
55000,28.920294287,73.56
55100,28.937896603,73.935
55200,29.022313197,72.765
55300,29.056998538,73.94
55400,29.085789307,73.99
55500,29.095715559,74.19
55600,29.112031446,74.275
55700,29.138610261,75.425
55800,29.159320441,75.315
55900,29.180605139,75.22
56000,29.195864213,74.34
56100,29.211061108,75.29
56200,29.296541588,75.485
56300,29.330719866,74.89
56400,29.359820843,74.62
56500,29.394682202,73.92
56600,29.404623337,75.085
56700,29.573436477,75.435
56800,29.658174844,75.44
56900,29.704452403,74.63
57000,29.734209693,74.7
57100,29.756129863,75.07
57200,29.768401489,75.56
57300,29.822278605,75.435
57400,29.852774378,76.04
57500,29.870209659,74.28
57600,29.90549669,74.2
57700,29.926375905,75.25
57800,29.949889454,75.28
57900,29.961366324,75.185
58000,29.974279972,75.255
58100,29.985841929,73.225
58200,29.999960184,74.605
58300,30.017160244,75.545
58400,30.090584413,75.155
58500,30.154505612,75.175
58600,30.180201818,74.53
58700,30.222084764,75.6
58800,30.248387333,74.9
58900,30.27614813,74.36
59000,30.298547515,75.89
59100,30.354971105,74.22
59200,30.38656854,74.17
59300,30.402290215,74.38
59400,30.431761921,73.785
59500,30.44949634,74.945
59600,30.480191337,75.79
59700,30.495835674,75.025
59800,30.565271994,74.745
59900,30.603488625,74.96
60000,30.653265355,74.87
60100,30.667005295,74.55
60200,30.690416267,73.32
60300,30.700981013,74.88
60400,30.748901285,75.81
60500,30.759634642,75.62
60600,30.804558125,75.9
60700,30.932615156,74.85
60800,30.963467463,75.595
60900,30.985104042,75.18
61000,30.993157208,74.87
61100,31.001972414,74.4
61200,31.050929794,75.455
61300,31.082363946,75.015
61400,31.097868928,75.125
61500,31.111977259,75.325
61600,31.128440333,75.54
61700,31.143098673,76.31
61800,31.151429008,74.905
61900,31.160129468,74.415
62000,31.17009813,74.865
62100,31.184920226,74.89
62200,31.19813761,75.43
62300,31.206309368,75.57
62400,31.217202895,75.295
62500,31.228495474,75.17
62600,31.238849745,75.34
62700,31.248533782,74.35
62800,31.287137615,74.27
62900,31.331583182,74.765
63000,31.360467362,74.51
63100,31.382347066,74.48
63200,31.390844866,74.9
63300,31.400061129,75.415
63400,31.411521748,75.605
63500,31.425824358,75.735
63600,31.436005533,75.56
63700,31.444141791,75.0
63800,31.454099803,74.485
63900,31.464581225,75.67
64000,31.481705522,75.36
64100,31.492464656,74.655
64200,31.568547364,76.16
64300,31.610480564,74.43
64400,31.625792315,76.02
64500,31.635446295,75.405
64600,31.647698979,75.74
64700,31.655448268,75.84
64800,31.663399383,75.835
64900,31.680586743,75.07
65000,31.690978775,74.965
65100,31.699413876,74.73
65200,31.710598321,73.945
65300,31.721560892,74.66
65400,31.732822583,75.99
65500,31.745807334,74.8
65600,31.753684364,74.905
65700,31.761414868,75.69
65800,31.777555133,76.02
65900,31.823292146,75.045
66000,31.856882411,74.525
66100,31.877293051,75.96
66200,31.898187282,73.575
66300,31.910559671,76.38
66400,31.919436933,75.645
66500,31.934022656,75.2
66600,31.94627575,74.405
66700,31.955218548,75.55
66800,31.965631656,74.16
66900,31.976560942,75.02
67000,31.984976765,73.99
67100,31.99297666,74.51
67200,32.002645285,75.68
67300,32.010318174,75.785
67400,32.022366974,75.205
67500,32.031704023,74.47
67600,32.084501511,75.89
67700,32.100136053,74.945
67800,32.157283314,75.8
67900,32.166852586,75.515
68000,32.189022859,75.97
68100,32.196619053,75.575
68200,32.212120475,75.07
68300,32.225557614,75.11
68400,32.235279656,75.025
68500,32.341043209,75.11
68600,32.388936783,75.54
68700,32.401879764,75.095
68800,32.43412876,74.255
68900,32.447391623,75.585
69000,32.461628216,76.29
69100,32.479369545,75.36
69200,32.491458459,73.29
69300,32.501948725,75.045
69400,32.514896955,75.465
69500,32.540642514,74.71
69600,32.555901487,75.095
69700,32.625799617,75.66
69800,32.66086737,74.67
69900,32.68440253,75.725
70000,32.692544822,74.115
70100,32.709831665,73.95
70200,32.721809774,72.92
70300,32.73329048,74.17
70400,32.752209329,74.98
70500,32.79126219,74.555
70600,32.848076346,74.93
70700,32.897536487,74.5
70800,32.9276319,75.07
70900,32.947942985,75.48
71000,32.959009959,75.325
71100,32.980431971,75.48
71200,32.99769836,76.07
71300,33.058492251,76.07
71400,33.087863203,75.52
71500,33.126459105,74.58
71600,33.148485345,74.12
71700,33.161354207,75.32
71800,33.193585536,74.66
71900,33.212749536,75.53
72000,33.241281285,74.895
72100,33.289050145,75.21
72200,33.319926386,73.64
72300,33.334497011,73.93
72400,33.353512987,74.6
72500,33.363471902,73.91
72600,33.3804575,75.8
72700,33.397674198,75.5
72800,33.408069795,74.34
72900,33.419699402,74.855
73000,33.466585291,75.62
73100,33.499887885,75.795
73200,33.552166444,74.75
73300,33.563113653,75.56
73400,33.573723542,75.18
73500,33.584448763,75.365
73600,33.592899581,75.635
73700,33.603156251,75.46
73800,33.614290501,74.26
73900,33.626675161,74.34
74000,33.662685,73.71
74100,33.693832374,75.19
74200,33.726217921,75.82
74300,33.747035727,73.775
74400,33.756599638,74.785
74500,33.766566387,74.59
74600,33.791115162,74.25
74700,33.818273213,75.99
74800,33.829573477,76.02
74900,33.866914562,74.29
75000,33.894418033,74.435
75100,33.925193901,75.97
75200,33.956538096,74.565
75300,33.975836105,75.56
75400,33.985815646,75.38
75500,33.993662862,75.025
75600,34.002270155,74.08
75700,34.015175315,75.69
75800,34.027464246,75.19
75900,34.043981281,73.42
76000,34.055614131,74.49
76100,34.065537745,74.925
76200,34.096238615,74.325
76300,34.163859594,74.7
76400,34.189066217,74.815
76500,34.197477737,75.775
76600,34.209932254,75.495
76700,34.22272457,74.595
76800,34.235619107,73.995
76900,34.249552048,74.13
77000,34.257828584,74.515
77100,34.27624323,74.71
77200,34.293450664,75.515
77300,34.325824052,74.705
77400,34.364633664,75.605
77500,34.452921849,75.515
77600,34.462797959,76.1
77700,34.482850114,75.77
77800,34.492424004,75.555
77900,34.506018815,75.37
78000,34.514236144,75.64
78100,34.531646518,75.27
78200,34.572981495,76.345
78300,34.595428831,74.92
78400,34.630227941,74.09
78500,34.652644702,74.425
78600,34.660539092,76.375
78700,34.682709681,75.48
78800,34.694290463,74.885
78900,34.702851371,74.99
79000,34.719203565,74.31
79100,34.744126375,75.335
79200,34.751923994,73.675
79300,34.760207822,74.28
79400,34.803791924,74.375
79500,34.841189948,74.57
79600,34.861832904,75.53
79700,34.893030772,75.82
79800,34.903976209,75.705
79900,34.917778866,75.46
80000,34.931615464,75.51
80100,34.951927357,75.63
80200,34.967559245,75.105
80300,34.988888719,74.695
80400,34.998823424,74.51
80500,35.089041082,75.45
80600,35.149293012,75.26
80700,35.159500442,75.32
80800,35.169377337,75.26
80900,35.181933014,75.565
81000,35.192502288,75.69
81100,35.202934559,75.565
81200,35.212938368,75.77
81300,35.226948381,74.26
81400,35.237609224,75.6
81500,35.246917961,74.54
81600,35.255927052,75.33
81700,35.267676657,75.75
81800,35.278299535,75.17
81900,35.286545935,75.005
82000,35.294757625,74.23
82100,35.335066372,74.32
82200,35.390470937,74.8
82300,35.418238736,74.715
82400,35.430193125,74.54
82500,35.443580158,75.47
82600,35.453599026,75.335
82700,35.462968772,74.38
82800,35.475240928,75.57
82900,35.488867321,75.45
83000,35.497777441,75.05
83100,35.553523852,75.16
83200,35.578727923,73.06
83300,35.606355531,74.92
83400,35.624156754,74.59
83500,35.636201584,75.64
83600,35.647102205,75.13
83700,35.655308122,75.325
83800,35.664748788,75.24
83900,35.676505409,75.105
84000,35.686771248,75.085
84100,35.696116244,74.92
84200,35.705242016,75.055
84300,35.714120303,75.055
84400,35.723809462,74.9
84500,35.731871604,74.32
84600,35.740352913,74.46
84700,35.747658783,76.19
84800,35.754838315,75.375
84900,35.763644248,75.5
85000,35.798056819,73.765
85100,35.821370612,75.5
85200,35.843544719,74.85
85300,35.889169416,75.35
85400,35.899112453,74.72
85500,35.917825262,73.12
85600,35.927417392,73.81
85700,35.935568499,75.65
85800,35.948293925,74.115
85900,35.95741257,74.795
86000,35.966173835,74.98
86100,35.994903112,73.695
86200,36.030270436,74.61
86300,36.049486622,75.6
86400,36.069145275,75.36
86500,36.093425702,75.445
86600,36.102480058,76.035
86700,36.120392103,75.56
86800,36.129264374,75.27
86900,36.142548357,75.29
87000,36.150763484,76.215
87100,36.159843166,75.18
87200,36.169719824,75.195
87300,36.178435494,75.965
87400,36.18608596,75.455
87500,36.194587082,75.2
87600,36.212299302,75.32
87700,36.247037852,75.16
87800,36.269833462,75.535
87900,36.295607818,75.325
88000,36.312123623,75.21
88100,36.321139764,74.095
88200,36.329066419,75.4
88300,36.33777316,74.93
88400,36.345584133,75.58
88500,36.353458676,75.21
88600,36.36168504,74.785
88700,36.371054889,74.775
88800,36.37923769,75.2
88900,36.388454933,75.27
89000,36.397400934,74.5
89100,36.406459824,75.395
89200,36.414325587,74.69
89300,36.423440367,74.6
89400,36.458607417,75.075
89500,36.490286714,75.46
89600,36.501860406,73.87
89700,36.522603202,73.79
89800,36.536338006,76.21
89900,36.547897118,75.335
90000,36.556144114,75.45
90100,36.566463179,75.515
90200,36.575470012,74.725
90300,36.58670602,74.98
90400,36.594491408,74.94
90500,36.60260777,74.895
90600,36.610053076,75.29
90700,36.618341266,75.18
90800,36.627520527,74.17
90900,36.662337732,75.365
91000,36.691159575,74.1
91100,36.703937857,75.38
91200,36.726886904,75.36
91300,36.747721385,75.275
91400,36.758643299,74.865
91500,36.766317574,74.095
91600,36.778979173,74.11
91700,36.786971327,74.74
91800,36.794471758,75.63
91900,36.803367289,75.97
92000,36.812150627,75.655
92100,36.820203698,75.42
92200,36.828776967,74.92
92300,36.836919937,74.9
92400,36.845084405,74.6
92500,36.853792196,73.595
92600,36.861473981,73.51
92700,36.869817894,73.085
92800,36.909242305,75.615
92900,36.933616288,74.725
93000,36.952423637,74.04
93100,36.965960594,75.495
93200,36.983668986,74.705
93300,36.991525981,74.205
93400,36.999218575,75.42
93500,37.007515133,75.345
93600,37.014948294,75.115
93700,37.022869779,75.02
93800,37.030422735,75.25
93900,37.038212753,75.495
94000,37.046115336,75.72
94100,37.054544154,75.945
94200,37.062837875,75.04
94300,37.070583375,73.94
94400,37.080037035,74.19
94500,37.129934805,74.105
94600,37.168124603,74.97
94700,37.19054139,74.69
94800,37.198846266,74.4
94900,37.209255423,75.445
95000,37.217333775,74.645
95100,37.225918429,75.48
95200,37.235170247,75.485
95300,37.242785831,74.185
95400,37.251077685,74.55
95500,37.259249594,75.42
95600,37.26908729,75.16
95700,37.277414786,74.94
95800,37.308688905,75.84
95900,37.329335741,75.69
96000,37.356893678,75.05
96100,37.376283566,75.51
96200,37.394379104,76.16
96300,37.401938385,74.735
96400,37.41343938,75.355
96500,37.423607928,75.94
96600,37.432896838,75.61
96700,37.441445844,74.99
96800,37.450459829,74.89
96900,37.458170464,74.965
97000,37.467215419,75.82
97100,37.47660922,76.185
97200,37.491523626,75.08
97300,37.500888904,75.425
97400,37.511141533,75.14
97500,37.55615038,75.205
97600,37.581669367,75.635
97700,37.595378064,74.71
97800,37.621089894,75.01
97900,37.632256864,76.24
98000,37.646971061,74.17
98100,37.65648672,74.83
98200,37.669099615,75.115
98300,37.679365731,75.68
98400,37.687687774,75.505
98500,37.698842629,75.625
98600,37.707322256,74.615
98700,37.716309477,75.78
98800,37.723622371,74.82
98900,37.73154452,75.74
99000,37.739491087,74.76
99100,37.74698524,74.98
99200,37.755335581,75.235
99300,37.764115783,74.865
99400,37.813533206,75.385
99500,37.858869821,75.11
99600,37.880619393,74.795
99700,37.890341424,76.635
99800,37.898333739,74.22
99900,37.910344939,75.465
100000,37.918762841,74.9
100100,37.927087181,75.505
100200,37.934633925,75.36
100300,37.942660807,75.34
100400,37.951490116,74.465
100500,37.95918286,74.925
100600,37.967476567,75.2
100700,37.976570724,75.51
100800,37.985986881,75.5
100900,37.993863196,75.52
101000,38.001552723,74.92
101100,38.009034474,75.73
101200,38.017215125,74.355
101300,38.045484242,75.66
101400,38.065565901,74.925
101500,38.082807049,73.64
101600,38.095001282,74.51
101700,38.118829886,74.54
101800,38.133251018,74.31
101900,38.146426498,75.645
102000,38.157441799,74.65
102100,38.16786885,73.7
102200,38.176548122,75.06
102300,38.184105584,75.01
102400,38.192529256,75.685
102500,38.201059407,75.035
102600,38.208912447,73.995
102700,38.217875881,74.82
102800,38.266203255,74.81
102900,38.353543404,76.12
103000,38.365572845,74.6
103100,38.385646177,74.42
103200,38.397083797,75.235
103300,38.413395797,73.22
103400,38.421425237,75.61
103500,38.430610536,74.445
103600,38.446879338,75.15
103700,38.457006764,75.78
103800,38.465405888,75.15
103900,38.508106866,74.585
104000,38.56365441,75.29
104100,38.595950785,74.925
104200,38.616079927,74.36
104300,38.62673181,74.345
104400,38.637848267,75.74
104500,38.656583594,75.13
104600,38.664944325,75.69
104700,38.678943459,75.6
104800,38.687544771,74.92
104900,38.696748141,75.62
105000,38.712089426,75.18
105100,38.751391742,74.09
105200,38.786795714,75.3
105300,38.830273922,75.01
105400,38.855653999,75.26
105500,38.865723206,74.35
105600,38.884811936,75.85
105700,38.893918961,75.56
105800,38.903516617,74.865
105900,38.915702339,74.375
106000,38.924832247,74.365
106100,38.933921826,75.455
106200,38.944873515,75.81
106300,38.952773428,75.435
106400,38.984642464,73.65
106500,39.011624831,74.18
106600,39.032096949,75.28
106700,39.058646688,74.91
106800,39.075231681,75.635
106900,39.086352449,76.11
107000,39.094486162,75.7
107100,39.107319421,74.98
107200,39.115129899,75.205
107300,39.123460305,75.155
107400,39.133612039,74.65
107500,39.145730174,75.505
107600,39.154064085,74.82
107700,39.16321558,75.54
107800,39.175462998,74.95
107900,39.183179402,76.12
108000,39.217951802,74.78
108100,39.250935877,75.485
108200,39.286398861,74.805
108300,39.299652881,75.735
108400,39.313367888,74.7
108500,39.323622393,75.15
108600,39.332561826,73.74
108700,39.344039668,75.045
108800,39.3522705,75.22
108900,39.359915907,75.45
109000,39.370770338,74.37
109100,39.382204538,75.31
109200,39.390557648,74.645
109300,39.398774979,75.81
109400,39.407791173,72.99
109500,39.417942169,75.175
109600,39.457074739,74.17
109700,39.495263777,75.015
109800,39.524741049,74.87
109900,39.543085889,75.53
110000,39.553835197,75.045
110100,39.566867363,75.79
110200,39.58003476,75.3
110300,39.588314568,74.335
110400,39.596038176,75.36
110500,39.604678498,75.49
110600,39.614331086,74.165
110700,39.625439706,76.05
110800,39.669123848,75.65
110900,39.716244063,76.185
111000,39.73328994,74.91
111100,39.750002258,74.495
111200,39.757478306,75.57
111300,39.766357943,75.905
111400,39.781124465,74.95
111500,39.788689016,75.335
111600,39.796826642,74.33
111700,39.808408522,72.72
111800,39.819834216,75.505
111900,39.829912806,75.905
112000,39.85769786,75.44
112100,39.905940641,74.72
112200,39.943130688,74.07
112300,39.957120985,75.37
112400,39.976075731,75.765
112500,39.986196845,74.44
112600,39.995552667,75.4
112700,40.00606719,75.23
112800,40.02227594,75.42
112900,40.032737227,74.79
113000,40.063303128,75.36
113100,40.08801381,74.58
113200,40.10279137,74.34
113300,40.122057128,74.93
113400,40.147183209,76.27
113500,40.158119207,74.695
113600,40.167171126,74.41
113700,40.180906999,75.87
113800,40.188962102,74.67
113900,40.19652276,75.97
114000,40.20450326,74.43
114100,40.215124067,74.68
114200,40.225833221,75.855
114300,40.234534898,75.16
114400,40.251146112,75.32
114500,40.289398971,75.5
114600,40.302427846,74.735
114700,40.325198513,75.0
114800,40.354090367,74.965
114900,40.362193272,74.34
115000,40.370379578,73.755
115100,40.381134596,74.22
115200,40.389128661,75.14
115300,40.397971393,74.54
115400,40.408528239,75.44
115500,40.41708928,74.865
115600,40.426747088,73.89
115700,40.439159514,75.88
115800,40.448092723,76.135
115900,40.456125968,75.09
116000,40.51719145,75.81
116100,40.542385202,75.57
116200,40.558609276,74.285
116300,40.572087916,75.575
116400,40.582681046,75.105
116500,40.590489892,74.38
116600,40.598251523,74.27
116700,40.605670508,75.22
116800,40.613696911,75.37
116900,40.621236379,74.555
117000,40.628810272,74.96
117100,40.637828371,73.87
117200,40.646484671,75.49
117300,40.654506548,75.51
117400,40.662142402,74.21
117500,40.682096461,75.2
117600,40.717493344,74.92
117700,40.730148477,75.515
117800,40.746976514,75.565
117900,40.766774599,75.135
118000,40.782771088,75.205
118100,40.791345862,76.035
118200,40.798722559,74.81
118300,40.810086239,74.51
118400,40.818588976,74.47
118500,40.826059601,74.32
118600,40.834653571,73.75
118700,40.844787783,73.8
118800,40.87086543,74.065
118900,40.880355254,74.59
119000,40.887686879,74.36
119100,40.89606909,74.91
119200,40.928664421,72.89
119300,40.945155853,74.115
119400,40.963544099,74.46
119500,40.977948187,74.33
119600,40.992362439,73.85
119700,41.007076148,74.97
119800,41.018627898,74.535
119900,41.026349336,75.755
120000,41.034391473,74.475
120100,41.041730874,74.81
120200,41.049432814,74.14
120300,41.057955542,75.285
120400,41.066556362,73.915
120500,41.075264543,75.025
120600,41.082731018,74.54
120700,41.093230884,75.04
120800,41.101032024,75.23
120900,41.118097257,75.49
121000,41.160625123,75.355
121100,41.178479571,74.965
121200,41.191452143,75.235
121300,41.21322401,75.175
121400,41.231051014,74.49
121500,41.24839776,75.45
121600,41.258883354,74.735
121700,41.268656238,74.25
121800,41.278825916,76.105
121900,41.28926134,75.07
122000,41.298840364,75.32
122100,41.309251583,75.29
122200,41.318776012,75.23
122300,41.337367962,75.35
122400,41.362545731,74.93
122500,41.395297293,75.975
122600,41.449340744,75.09
122700,41.459645212,74.85
122800,41.476032442,75.67
122900,41.494589928,74.625
123000,41.50816501,74.45
123100,41.523422973,75.495
123200,41.542263621,74.98
123300,41.594282601,73.315
123400,41.616749532,74.955
123500,41.634531373,74.245
123600,41.654944171,74.675
123700,41.678096498,75.81
123800,41.687198323,75.605
123900,41.695814063,74.22
124000,41.708565867,75.27
124100,41.725582654,75.1
124200,41.742925344,74.645
124300,41.753233222,74.98
124400,41.763955222,75.74
124500,41.775332123,75.665
124600,41.789393941,75.17
124700,41.800585688,75.55
124800,41.850270491,75.42
124900,41.884085121,74.69
125000,41.914519392,74.54
125100,41.931676994,76.03
125200,41.947939355,75.445
125300,41.957037434,74.555
125400,41.967818817,75.43
125500,41.989434077,74.96
125600,42.000529101,75.3
125700,42.011070092,75.58
125800,42.069524088,74.335
125900,42.098886799,75.34
126000,42.130290444,75.485
126100,42.144534971,75.07
126200,42.156159482,73.77
126300,42.169478287,74.16
126400,42.178449258,74.255
126500,42.189277344,74.72
126600,42.20147749,75.505
126700,42.211074172,74.73
126800,42.283546625,75.6
126900,42.330128504,76.255
127000,42.346509007,74.945
127100,42.355818977,75.435
127200,42.364405934,75.89
127300,42.374825867,75.67
127400,42.404878978,76.43
127500,42.413202377,75.325
127600,42.425449932,73.18
127700,42.434124461,74.18
127800,42.442712995,74.35
127900,42.452137894,74.585
128000,42.462047602,75.28
128100,42.475509238,75.475
128200,42.4874261,75.785
128300,42.522558027,75.77
128400,42.550380037,74.655
128500,42.56922421,74.795
128600,42.592488582,75.37
128700,42.617067253,74.11
128800,42.626818621,73.855
128900,42.634990643,75.32
129000,42.651997864,76.405
129100,42.661237932,74.765
129200,42.674917207,76.1
129300,42.686331498,75.54
129400,42.695966619,74.57
129500,42.706867932,74.5
129600,42.719190958,75.235
129700,42.730587858,74.45
129800,42.761734691,74.35
129900,42.822244639,75.755
130000,42.84735178,75.175
130100,42.856525959,73.935
130200,42.865978026,74.53
130300,42.876948171,74.65
130400,42.885962825,75.49
130500,42.897919363,73.82
130600,42.90668146,75.19
130700,42.915266981,74.515
130800,42.925656651,74.825
130900,42.934313699,75.035
131000,42.942047405,75.25
131100,42.951170159,75.495
131200,42.961105221,74.465
131300,43.017161949,74.785
131400,43.055036634,74.915
131500,43.08401678,74.655
131600,43.093462964,75.02
131700,43.11192452,74.61
131800,43.122363394,75.135
131900,43.133092341,75.43
132000,43.150412971,74.695
132100,43.160742023,75.33
132200,43.178225318,74.485
132300,43.188229315,73.905
132400,43.199299295,74.88
132500,43.209810861,75.66
132600,43.252781943,74.55
132700,43.310900721,74.735
132800,43.332075221,76.42
132900,43.359216119,75.11
133000,43.368185775,74.975
133100,43.377122803,75.52
133200,43.385688762,75.78
133300,43.393871123,74.59
133400,43.40156597,74.67
133500,43.421678981,75.16
133600,43.433797329,74.14
133700,43.442852306,75.2
133800,43.453046901,75.11
133900,43.499167083,74.72
134000,43.557911652,74.325
134100,43.585271506,75.11
134200,43.594322764,75.27
134300,43.610598318,75.68
134400,43.619797901,74.68
134500,43.628697528,75.11
134600,43.636833434,75.585
134700,43.646899656,75.1
134800,43.657858405,74.8
134900,43.677702938,73.39
135000,43.688392953,74.42
135100,43.698012606,75.3
135200,43.713317195,75.34
135300,43.75356338,75.37
135400,43.786557212,75.76
135500,43.80149406,74.4
135600,43.820268331,74.95
135700,43.834093313,74.255
135800,43.851269205,73.645
135900,43.864653939,74.165
136000,43.888699851,75.79
136100,43.898873203,74.42
136200,43.908784709,73.72
136300,43.954963793,74.47
136400,44.029066692,74.56
136500,44.054068865,75.24
136600,44.070790262,75.89
136700,44.085013046,75.72
136800,44.097889546,75.26
136900,44.113162097,75.65
137000,44.127614012,74.36
137100,44.142271103,74.89
137200,44.155007355,75.6
137300,44.202493527,75.17
137400,44.237682785,74.84
137500,44.257855057,75.385
137600,44.276730673,74.575
137700,44.286193325,74.955
137800,44.296003727,75.195
137900,44.307174816,74.775
138000,44.324497181,74.48
138100,44.340234579,74.755
138200,44.354544044,75.18
138300,44.364383191,74.91
138400,44.376875285,75.44
138500,44.387376086,75.835
138600,44.398832146,75.85
138700,44.450063013,74.845
138800,44.541199909,74.91
138900,44.555581999,75.7
139000,44.566171523,75.62
139100,44.575357879,74.48
139200,44.590069892,74.83
139300,44.604740903,75.37
139400,44.614159345,75.64
139500,44.624349112,75.655
139600,44.634412961,74.81
139700,44.643915683,75.07
139800,44.654326282,74.74
139900,44.686847704,75.19
140000,44.746507119,75.53
140100,44.794363973,74.7
140200,44.818444121,74.78
140300,44.830360844,74.725
140400,44.845931197,75.305
140500,44.863726462,76.03
140600,44.887121423,75.56
140700,45.000024054,75.03
140800,45.06018554,75.645
140900,45.129992522,75.62
141000,45.149017473,75.31
141100,45.160186266,75.94
141200,45.170924156,75.145
141300,45.185759394,74.715
141400,45.195785344,74.27
141500,45.207825304,74.625
141600,45.263267546,74.83
141700,45.331335577,75.29
141800,45.369147295,75.4
141900,45.454978742,74.86
142000,45.48874605,74.41
142100,45.51265994,75.3
142200,45.52769516,75.155
142300,45.541474981,75.08
142400,45.551281993,75.515
142500,45.561861418,75.225
142600,45.573616241,75.195
142700,45.587080211,75.73
142800,45.597128997,75.21
142900,45.617795121,75.22
143000,45.633272822,74.45
143100,45.652492683,74.625
143200,45.66071333,75.49
143300,45.772003901,75.005
143400,45.786185624,75.72
143500,45.797680443,75.29
143600,45.814649098,74.7
143700,45.824689661,74.665
143800,45.839554575,75.48
143900,45.866659214,75.49
144000,45.912738954,73.79
144100,45.951381602,74.42
144200,45.964513721,74.295
144300,45.992066605,75.67
144400,46.012011933,75.92
144500,46.022746461,75.57
144600,46.032372634,74.46
144700,46.047714102,73.98
144800,46.060564414,74.73
144900,46.079435975,74.89
145000,46.090698175,74.57
145100,46.101897638,74.85
145200,46.187318941,74.575
145300,46.228263113,75.33
145400,46.246843102,75.555
145500,46.258271727,75.39
145600,46.270749995,76.09
145700,46.287417201,76.11
145800,46.303977173,75.41
145900,46.312777795,74.07
146000,46.324339614,74.775
146100,46.334969292,75.305
146200,46.343927657,75.055
146300,46.352928757,75.51
146400,46.362636012,73.76
146500,46.371862576,74.77
146600,46.387252077,74.32
146700,46.438642601,76.09
146800,46.509600701,74.99
146900,46.531350568,74.76
147000,46.546260641,74.325
147100,46.558066862,75.19
147200,46.571716201,72.7
147300,46.580774851,72.845
147400,46.589468595,75.545
147500,46.600514045,75.485
147600,46.609017581,74.35
147700,46.620077845,75.085
147800,46.631627843,74.535
147900,46.651948366,75.06
148000,46.700709833,74.95
148100,46.727704981,75.01
148200,46.756023343,75.655
148300,46.778355011,74.89
148400,46.789867095,75.845
148500,46.797307942,75.32
148600,46.805144356,75.915
148700,46.812789724,75.375
148800,46.823024568,75.02
148900,46.833519874,74.71
149000,46.841248652,75.765
149100,46.848791743,74.855
149200,46.858301091,74.13
149300,46.906860448,74.63
149400,46.931860923,74.37
149500,46.959938953,73.59
149600,46.979773862,75.505
149700,46.988693496,75.525
149800,46.998897917,74.77
149900,47.011122862,75.275
150000,47.022599555,74.43
150100,47.043661214,75.27
150200,47.054178454,75.035
150300,47.067987818,74.095
150400,47.124983866,75.225
150500,47.184295092,72.82
150600,47.217893407,74.455
150700,47.229115395,73.25
150800,47.248497892,75.42
150900,47.263546088,74.19
151000,47.301751365,75.22
151100,47.327157918,74.22
151200,47.365189536,75.0
151300,47.389939623,74.645
151400,47.404264202,75.405
151500,47.422524736,72.855
151600,47.433924041,75.76
151700,47.444433703,75.395
151800,47.457583444,75.135
151900,47.471261779,76.045
152000,47.485582575,74.92
152100,47.550601054,74.93
152200,47.622412634,75.515
152300,47.634301164,75.22
152400,47.656292223,75.855
152500,47.669246575,75.565
152600,47.687360264,74.71
152700,47.697586019,75.19
152800,47.708630504,75.17
152900,47.717852167,75.005
153000,47.729893935,74.39
153100,47.746660723,75.355
153200,47.756929878,74.99
153300,47.800028168,75.42
153400,47.828326446,74.88
153500,47.852930952,75.225
153600,47.88321626,75.63
153700,47.897203637,74.805
153800,47.908067382,75.875
153900,47.922873835,74.65
154000,47.934515485,74.24
154100,47.952163655,74.18
154200,47.962601937,74.575
154300,47.974245826,74.955
154400,47.984600884,75.475
154500,47.995066433,74.83
154600,48.005192605,74.385
154700,48.101091014,74.09
154800,48.147668354,74.845
154900,48.159046703,74.56
155000,48.174247477,74.25
155100,48.189737574,74.765
155200,48.199714925,74.3
155300,48.217792374,75.8
155400,48.255946827,75.39
155500,48.265792063,74.975
155600,48.291040476,75.59
155700,48.32484797,74.645
155800,48.333842223,75.96
155900,48.349762754,74.92
156000,48.362435458,74.67
156100,48.377705482,74.33
156200,48.390501113,75.86
156300,48.399509699,75.2
156400,48.409560713,75.43
156500,48.421858776,75.17
156600,48.458522243,75.32
156700,48.497315526,75.06
156800,48.547492853,74.835
156900,48.559899457,75.73
157000,48.576444095,75.045
157100,48.586149623,75.54
157200,48.595425514,75.65
157300,48.604582775,75.25
157400,48.615672422,75.19
157500,48.624710542,73.57
157600,48.651655784,74.87
157700,48.693992286,75.61
157800,48.729875318,75.085
157900,48.75673342,75.935
158000,48.767283889,75.215
158100,48.781694578,74.69
158200,48.791517944,74.04
158300,48.805493523,74.495
158400,48.815621834,75.52
158500,48.825995439,75.42
158600,48.837004214,75.73
158700,48.846416449,74.77
158800,48.90121032,72.725
158900,48.921404081,73.94
159000,48.954396496,73.12
159100,48.977566877,74.845
159200,48.990978211,75.31
159300,49.001715234,74.8
159400,49.011670811,75.505
159500,49.021708777,75.35
159600,49.033459194,74.82
159700,49.041991897,75.805
159800,49.052298019,75.76
159900,49.06098669,75.515
160000,49.070342781,75.295
160100,49.081840366,75.495
160200,49.090978184,75.68
160300,49.100987196,75.32
160400,49.111527643,75.15
160500,49.144546698,75.81
160600,49.173686349,75.515
160700,49.196177205,75.14
160800,49.220618823,75.41
160900,49.241975394,75.67
161000,49.254175875,74.56
161100,49.263194246,74.46
161200,49.275607694,75.07
161300,49.28507208,75.25
161400,49.293732406,74.56
161500,49.302800503,75.02
161600,49.311276369,75.35
161700,49.369115884,75.865
161800,49.420188645,74.52
161900,49.435474766,73.515
162000,49.450100278,74.695
162100,49.458440766,75.38
162200,49.469760278,75.335
162300,49.48433042,75.39
162400,49.495298974,75.16
162500,49.506355047,74.72
162600,49.516852098,75.59
162700,49.525874719,75.765
162800,49.535108251,75.46
162900,49.547305897,75.16
163000,49.558832989,75.06
163100,49.567731779,75.185
163200,49.57556901,76.12
163300,49.598433655,76.17
163400,49.625034321,75.885
163500,49.644384843,75.62
163600,49.663561541,75.695
163700,49.681813488,74.76
163800,49.695519866,75.27
163900,49.705259575,74.72
164000,49.716491653,73.365
164100,49.725109301,75.05
164200,49.736392017,75.78
164300,49.746478046,74.6
164400,49.755029885,75.15
164500,49.762753049,74.085
164600,49.773451163,75.2
164700,49.781780293,74.6
164800,49.790213646,75.37
164900,49.798459736,74.55
165000,49.806444344,74.505
165100,49.851218713,75.23
165200,49.864177205,75.495
165300,49.889540896,74.77
165400,49.909412301,74.83
165500,49.92368733,75.43
165600,49.935306089,75.25
165700,49.946910236,75.74
165800,49.956918531,74.58
165900,49.964669902,75.82
166000,49.972834795,75.66
166100,49.980676416,75.34
166200,49.989734305,74.98
166300,49.997794205,74.555
166400,50.005317738,75.05
166500,50.01380198,75.61
166600,50.054556055,74.33
166700,50.069968562,75.52
166800,50.094596544,74.405
166900,50.112963001,75.73
167000,50.127252807,75.45
167100,50.13532457,75.42
167200,50.147407727,74.96
167300,50.158577239,75.715
167400,50.166654322,75.24
167500,50.17608482,73.57
167600,50.183445211,74.68
167700,50.191630061,75.755
167800,50.199688211,75.17
167900,50.207343925,75.8
168000,50.215527736,75.26
168100,50.223720282,74.43
168200,50.256872387,75.175
168300,50.282331817,75.095
168400,50.304139354,72.97
168500,50.327835142,75.965
168600,50.339545792,75.21
168700,50.350026849,75.185
168800,50.359051058,73.665
168900,50.368386236,73.37
169000,50.377822582,75.24
169100,50.386456572,74.73
169200,50.394021815,75.99
169300,50.40217588,74.725
169400,50.41086234,74.92
169500,50.421580937,73.97
169600,50.431559602,76.01
169700,50.489944724,76.0
169800,50.52832581,74.955
169900,50.551429901,74.16
170000,50.56093131,75.39
170100,50.57185533,73.6
170200,50.582000497,75.39
170300,50.590498838,74.165
170400,50.598770425,74.09
170500,50.607865436,74.47
170600,50.632736409,75.52
170700,50.723586241,74.815
170800,50.7565881,74.99
170900,50.775990825,75.68
171000,50.783517571,75.27
171100,50.791794085,75.05
171200,50.801503214,74.91
171300,50.809448662,75.18
171400,50.817652926,74.08
171500,50.825127795,75.86
171600,50.833416098,75.07
171700,50.865360217,74.375
171800,50.889934846,74.34
171900,50.89825144,74.725
172000,50.912748324,74.845
172100,50.921149815,74.77
172200,50.929476704,75.72
172300,50.953620727,76.065
172400,50.982200584,75.915
172500,51.014570219,75.96
172600,51.04854871,74.17
172700,51.060017899,75.03
172800,51.06798076,75.575
172900,51.082943139,74.775
173000,51.091422515,75.52
173100,51.10096731,74.39
173200,51.117743322,76.005
173300,51.126151576,75.12
173400,51.139816692,75.02
173500,51.150633823,75.41
173600,51.159251727,75.23
173700,51.232382758,74.545
173800,51.287776995,74.095
173900,51.298300095,74.94
174000,51.318743282,74.2
174100,51.328457217,74.87
174200,51.341085305,74.63
174300,51.353373986,73.51
174400,51.361925455,75.49
174500,51.4318387,75.395
174600,51.510496661,75.55
174700,51.532095327,74.64
174800,51.554403886,74.545
174900,51.5661953,74.37
175000,51.601254328,74.02
175100,51.631959618,76.125
175200,51.659694839,74.52
175300,51.67024372,75.01
175400,51.698765983,75.715
175500,51.719294931,73.06
175600,51.729020036,74.825
175700,51.752267973,75.845
175800,51.764132359,73.83
175900,51.784241649,75.375
176000,51.793957063,75.705
176100,51.803654442,75.55
176200,51.958288326,74.56
176300,51.984609383,74.93
176400,51.997588873,73.52
176500,52.021271022,74.14
176600,52.031901833,74.24
176700,52.057862818,75.705
176800,52.083300016,74.59
176900,52.097377413,74.97
177000,52.147105703,74.79
177100,52.160361505,73.545
177200,52.205948131,74.91
177300,52.252882681,75.06
177400,52.282001809,74.27
177500,52.294718729,74.07
177600,52.314645247,73.5
177700,52.32569309,74.22
177800,52.335743908,74.77
177900,52.354463072,74.575
178000,52.364585478,74.93
178100,52.400346296,74.975
178200,52.494417972,73.98
178300,52.51823964,75.255
178400,52.526988473,74.91
178500,52.535309043,75.44
178600,52.556785987,74.645
178700,52.566463508,74.935
178800,52.583999679,75.605
178900,52.592903059,75.195
179000,52.602071202,73.9
179100,52.652956436,74.875
179200,52.679644532,75.385
179300,52.698417602,74.795
179400,52.719703001,74.915
179500,52.735786062,73.915
179600,52.755341709,73.68
179700,52.762840857,74.37
179800,52.776576986,75.52
179900,52.785952072,74.425
180000,52.795633213,75.365
180100,52.80372005,74.11
180200,52.811212743,74.805
180300,52.820437434,73.94
180400,52.830978918,75.53
180500,52.839501941,75.37
180600,52.847905099,74.86
180700,52.857184542,74.265
180800,52.878736556,75.605
180900,52.921528722,75.39
181000,52.947364554,74.745
181100,52.974223856,75.04
181200,52.985185856,75.76
181300,52.995278482,75.88
181400,53.015286743,74.975
181500,53.028806463,74.09
181600,53.042159561,75.775
181700,53.05013757,74.26
181800,53.060973616,75.395
181900,53.08551676,75.435
182000,53.12716458,74.75
182100,53.162013223,75.69
182200,53.184827766,75.025
182300,53.194588666,74.84
182400,53.211337336,74.975
182500,53.220909721,74.61
182600,53.228321894,74.94
182700,53.23587201,75.46
182800,53.249492426,74.325
182900,53.25892282,74.5
183000,53.27157438,74.29
183100,53.281422313,74.96
183200,53.291255461,75.46
183300,53.330763537,75.17
183400,53.359099331,75.155
183500,53.401299421,76.17
183600,53.42584148,74.275
183700,53.434367052,74.78
183800,53.450510157,75.425
183900,53.460175178,75.04
184000,53.477158479,75.74
184100,53.488524199,74.8
184200,53.498452874,75.54
184300,53.543252424,75.63
184400,53.564077105,75.71
184500,53.598814008,75.45
184600,53.626493313,74.33
184700,53.635754384,75.48
184800,53.649760965,75.32
184900,53.65916385,74.725
185000,53.667730054,74.96
185100,53.679507359,75.355
185200,53.687244043,75.84
185300,53.694646607,75.415
185400,53.705792002,75.22
185500,53.729542028,74.645
185600,53.760495624,75.66
185700,53.783608009,74.76
185800,53.802173729,74.62
185900,53.827466897,75.505
186000,53.842768385,75.185
186100,53.853783214,75.175
186200,53.86194758,75.42
186300,53.87517094,75.34
186400,53.885329331,74.54
186500,53.89311871,75.08
186600,53.900869443,74.85
186700,53.918816993,73.73
186800,53.927349461,74.575
186900,53.947386529,74.385
187000,53.977208822,74.32
187100,54.008146864,73.83
187200,54.033665657,73.555
187300,54.058554935,73.615
187400,54.067342874,74.84
187500,54.080738735,74.68
187600,54.090294902,74.52
187700,54.099217275,75.26
187800,54.108561791,74.805
187900,54.116070633,74.655
188000,54.125932433,75.165
188100,54.137739078,74.255
188200,54.147879459,74.035
188300,54.162981029,74.605
188400,54.195964228,74.98
188500,54.2219726,74.23
188600,54.237171299,73.44
188700,54.257830358,75.145
188800,54.276558244,75.515
188900,54.288536021,75.415
189000,54.29663706,74.68
189100,54.305288178,75.69
189200,54.314029234,75.405
189300,54.322181764,75.465
189400,54.330767004,74.74
189500,54.339506972,75.175
189600,54.351788978,73.67
189700,54.363061377,75.07
189800,54.375278135,75.125
189900,54.410474613,74.745
190000,54.45666206,75.84
190100,54.487269694,74.77
190200,54.496301928,74.995
190300,54.509143082,75.645
190400,54.519555689,76.39
190500,54.530445864,74.745
190600,54.539021525,74.95
190700,54.548791215,74.545
190800,54.558127559,73.505
190900,54.566427463,76.04
191000,54.576161355,73.75
191100,54.599934939,74.3
191200,54.626593021,74.11
191300,54.650342052,75.565
191400,54.663836,74.845
191500,54.695852855,74.59
191600,54.715023015,74.905
191700,54.727053734,76.15
191800,54.740344963,75.58
191900,54.749610283,75.355
192000,54.759765819,75.875
192100,54.767888313,74.19
192200,54.776475433,74.95
192300,54.79840767,74.235
192400,54.82474981,75.175
192500,54.850953488,74.68
192600,54.865143503,75.345
192700,54.885782325,74.99
192800,54.896710385,74.885
192900,54.905417533,75.045
193000,54.916841731,74.21
193100,54.926833342,75.675
193200,54.934934573,75.375
193300,54.942736038,75.11
193400,54.950179053,74.67
193500,54.958858174,74.785
193600,54.972544513,75.485
193700,54.983930962,74.445
193800,54.991537569,74.14
193900,54.999996293,74.135
194000,55.021539943,75.3
194100,55.050050541,74.32
194200,55.064872615,75.39
194300,55.090354354,75.65
194400,55.117835532,75.1
194500,55.131051919,75.445
194600,55.145375864,74.525
194700,55.15417321,74.84
194800,55.164183176,74.38
194900,55.17862593,76.07
195000,55.192656502,75.795
195100,55.201565701,74.6
195200,55.214013171,74.56
195300,55.222059864,75.34
195400,55.242397633,74.74
195500,55.276735449,73.24
195600,55.296884424,73.15
195700,55.315375471,74.46
195800,55.353481484,74.22
195900,55.368934262,75.79
196000,55.384187206,75.41
196100,55.393507313,75.76
196200,55.40326809,75.54
196300,55.417524129,75.795
196400,55.425305143,75.415
196500,55.440657173,75.545
196600,55.501199864,74.8
196700,55.562169242,75.835
196800,55.589180039,74.17
196900,55.598388763,75.4
197000,55.610951402,74.405
197100,55.620363702,75.58
197200,55.633035819,74.405
197300,55.641970412,75.545
197400,55.650442423,74.165
197500,55.683335274,75.575
197600,55.696711876,74.425
197700,55.720395996,74.01
197800,55.733739324,75.38
197900,55.754429373,75.605
198000,55.768658793,75.085
198100,55.781494024,74.195
198200,55.788846451,75.44
198300,55.796523776,75.425
198400,55.806328256,75.18
198500,55.814026875,75.89
198600,55.822032854,75.5
198700,55.830887528,75.8
198800,55.839375134,75.38
198900,55.847767585,75.495
199000,55.898931684,74.53
199100,55.926752337,74.215
199200,55.955693443,75.45
199300,55.969491584,73.29
199400,55.989557485,74.13
199500,55.998300913,75.29
199600,56.010581652,74.975
199700,56.02043306,74.85
199800,56.028177882,75.26
199900,56.037310775,74.89
